№ п/п;Должность;Воинское звание;Фамилия;Имя;Отчество;Личный номер;Дата рождения;Позывной;Возраст;Возрастная категория;Рост;Вес;Размер головы;Размер одежды;Размер обуви;Особые индивидуальные отметки;Ранения;Обеспеченность собственным жильем;Место рождения;Регион проживания;Адрес проживания;Мобильный телефон;Семейное положение;ФИО родственника для связи;Телефон родственника;Состав семьи;Дети;Дата прибытия в подразделение;Дата заключения контракта;Срок контракта;Дата окончания контракта;Место призыва;Выслуга ВС РФ;Дата прибытия на СВО;Срок нахождения на СВО;Дата крайнего прибытия на СВО;Совершенные прыжки с парашютом;Отгуленные отпуска;Дополнительные навыки;Паспорт гражданина РФ;Военный билет;Образование;Удостоверение ветерана боевых действий;Водительское удостоверение;Судимость;Награды;Закреплённое вооружение;Закреплённое транспортное средство;Расход;Дата в отрыве (убытие);Дата в отрыве (возвращение);Примечание;ШДК подразделение;ШДК категория в/сл.;ШДК воинское звание;ШДК тарифный разряд;ШДК ВУС;Адрес фотографии военнослужащего
1;Командир роты;лейтенант;Сидоров;Михаил;Александрович;МТ-692655;18.07.2001;Гора;36 лет;до 30;174;92;58;50;44;Нет;Контузия легкой степени;Служебное;Ростов-на-Дону;Свердловская обл.;ул. Ленина, д. 45, кв. 52;79302659493;Разведен;Новиков Д.А.;79557458103;Неполная;1;12.01.2023;13.01.2023;1 год;13.01.2024;Свердловская обл.;4 лет;09.03.2023;1 мес.;09.03.2023;0;1;Нет;7 189 773 279;АМ 1686602;Высшее;В оформлении;46 27 148071;Нет;Орден Мужества;"5,45 мм АК-74М №8354624 1993 г.в. 
9 мм ПЯ №18К0959 2018 г.в.";КАМАЗ;налицо;-;-;-;управление;офицер;капитан;14;0210003;C:/Base/Photo/1.jpg
2;Заместитель командира роты;;Вакант;;;;;;;;;;;;;;;;;;;;;;;;;;;;;;;;;;;;;;;;;;;;;;;;;;управление;офицер;старший лейтенант;14;0210003;C:/Base/Photo/2.jpg
3;Заместитель командира роты по военно-политической работе;лейтенант;Новиков;Артем;Дмитриевич;ЕК-604678;29.10.2000;Тихий;26 лет;до 30;183;69;56;56;43;Шрам на бедре;Нет;Служебное;Краснодар;Ростовская обл.;ул. Ленина, д. 96, кв. 105;79151123202;Холост;Кузнецов А.Д.;79263862692;Неполная;3;17.01.2023;22.01.2023;1 год;22.01.2024;Ростовская обл.;7 лет;09.02.2023;11 мес.;09.02.2023;10;1;Фельдшер;2 643 942 844;ВК 1980425;Среднее;Нет;79 40 499321;Нет;Нет;5,45 мм АК-74М №8544132 1994 г.в.;Нет;Нет;-;-;-;управление;офицер;старший лейтенант;10;3802003;C:/Base/Photo/3.jpg
4;Старшина роты;прапорщик;Волков;Дмитрий;Евгеньевич;МТ-242519;18.06.1983;Странник;39 лет;30-45;177;84;59;52;41;Шрам на бедре;Контузия легкой степени;Служебное;Москва;Московская обл.;ул. Ленина, д. 65, кв. 76;79961934357;Разведен;Соколов А.С.;79546116480;Неполная;3;05.10.2022;11.10.2022;1 год;11.10.2023;Московская обл.;2 лет;24.11.2022;1 мес.;24.11.2022;0;0;Нет;8 063 994 720;ВК 8874356;Высшее;Да;11 51 690285;Нет;Орден Мужества;"5,45 мм АК-74М №8543477 1994 г.в. 
9 мм АСМ-ВАЛ №ИВ0804 
9 мм ПЯ №18К1077 2018 г.в. 
1П86 №Б0932";КАМАЗ;Нет;-;-;-;управление;прапорщик;старший прапорщик;10;868908М;C:/Base/Photo/4.jpg
5;Фельдшер роты;;Вакант;;;;;;;;;;;;;;;;;;;;;;;;;;;;;;;;;;;;;;;;;;;;;;;;;;управление;прапорщик;прапорщик;10;879962М;C:/Base/Photo/5.jpg
6;Старший радиотелефонист;ефрейтор;Сидоров;Дмитрий;Сергеевич;СУ-695134;05.06.1991;Шаман;32 года;30-45;181;65;59;52;41;Родинка на щеке;Осколочное мягких тканей;Служебное;Екатеринбург;Ростовская обл.;ул. Ленина, д. 66, кв. 91;79490474266;Холост;Морозов М.А.;79240468950;Полная;2;30.11.2023;03.12.2023;1 год;02.12.2024;Московская обл.;11 лет;08.01.2024;4 мес.;08.01.2024;10;1;Фельдшер;5 743 521 613;ВК 1505598;Среднее специальное;Нет;31 87 379340;Нет;Нет;5,45 мм АК-74М №8203901 1992 г.в.;Нет;шахово;-;-;-;управление;контрактник;старший матрос;3;423842М;C:/Base/Photo/6.jpg
7;Командир взвода;;Вакант;;;;;;;;;;;;;;;;;;;;;;;;;;;;;;;;;;;;;;;;;;;;;;;;;;1 штурмовой взвод;офицер;старший лейтенант;7;0210003;C:/Base/Photo/7.jpg
8;Заместитель командира взвода;;Вакант;;;;;;;;;;;;;;;;;;;;;;;;;;;;;;;;;;;;;;;;;;;;;;;;;;1 штурмовой взвод;сержант;сержант;5;100097М;C:/Base/Photo/8.jpg
9;Командир отделения;;Вакант;;;;;;;;;;;;;;;;;;;;;;;;;;;;;;;;;;;;;;;;;;;;;;;;;;1 отделение 1 штурмовой взвод;сержант;сержант;2;100182М;C:/Base/Photo/9.jpg
10;Старший стрелок;;Вакант;;;;;;;;;;;;;;;;;;;;;;;;;;;;;;;;;;;;;;;;;;;;;;;;;;1 отделение 1 штурмовой взвод;контрактник;старший матрос;2;100868М;C:/Base/Photo/10.jpg
11;Наводчик;старший матрос;Морозов;Сергей;Александрович;МТ-266746;29.05.1994;Сокол;31 год;до 30;190;88;58;50;42;Нет;Осколочное мягких тканей;Нет;Новосибирск;Новосибирская обл.;ул. Ленина, д. 9, кв. 123;79620551593;Женат;Сидоров А.С.;79165110957;Полная;1;22.07.2023;27.07.2023;1 год;26.07.2024;Московская обл.;12 лет;12.09.2023;9 мес.;12.09.2023;3;1;Водитель кат. С;5 115 180 511;ВК 4838364;Среднее;Да;83 28 664521;Погашена;"Медаль ""За отвагу""";"5,45 мм АК-74М №8260728 1992 г.в. 
1ПН93-4 к СВД №Т00169";Нет;Нет;-;-;-;1 отделение 1 штурмовой взвод;контрактник;матрос;2;101281М;C:/Base/Photo/11.jpg
12;Механик-водитель - Номер расчёта;старший матрос;Вакант;Александр;Иванович;СУ-698357;28.06.2004;Странник;39 лет;до 30;177;69;57;56;41;Нет;Нет;Да;Ростов-на-Дону;Свердловская обл.;ул. Ленина, д. 83, кв. 168;79214272836;Разведен;Михайлов Д.Е.;79846064458;Неполная;3;03.11.2022;12.11.2022;1 год;12.11.2023;Приморский край;4 лет;08.12.2022;4 мес.;08.12.2022;3;1;Нет;3 079 244 520;ВК 5691469;Среднее;В оформлении;33 28 751945;Нет;Нет;"5,45 мм АК-12 №211241606 2021 г.в. 
1ПН93-2 к АК №А10551 
6х9-1 №198419";Урал-4320;Нет;-;-;-;1 отделение 1 штурмовой взвод;контрактник;матрос;2;844259М;C:/Base/Photo/12.jpg
13;Стрелок;рядовой;Васильев;Михаил;Иванович;СУ-582815;28.02.2003;Гора;42 года;до 30;185;93;60;52;45;Родинка на щеке;Нет;Служебное;Владивосток;Новосибирская обл.;ул. Ленина, д. 17, кв. 130;79144244268;Холост;Волков А.С.;79237111323;Неполная;3;06.12.2023;15.12.2023;1 год;14.12.2024;Краснодарский край;15 лет;06.02.2024;5 мес.;06.02.2024;3;1;Нет;4 446 637 494;АМ 5763361;Среднее специальное;В оформлении;76 73 634963;Нет;Нет;7,62 мм ПКМ №ГЕ753 1978 г.в.;Урал-4320;Нет;-;-;-;1 отделение 1 штурмовой взвод;контрактник;матрос;2;100915М;C:/Base/Photo/13.jpg
14;Стрелок;ефрейтор;Смирновский;Олег;Сергеевич;ЕК-614637;16.06.1998;Кнут;62 года;до 30;182;80;56;56;43;Нет;Осколочное мягких тканей;Да;Владивосток;Свердловская обл.;ул. Ленина, д. 28, кв. 139;79292205346;Женат;Федоров С.Е.;79100323977;Неполная;3;23.05.2023;26.05.2023;1 год;25.05.2024;Свердловская обл.;1 лет;03.07.2023;1 мес.;03.07.2023;0;0;Сварщик;3 039 405 829;ВК 5501468;Высшее;Нет;88 87 330817;Нет;Нет;5,45 мм АК-12 №211281969 2021 г.в.;"УАЗ ""Патриот""";Нет;-;-;-;1 отделение 1 штурмовой взвод;контрактник;матрос;2;100915М;C:/Base/Photo/14.jpg
15;Стрелок;рядовой;Новиков;Артем;Дмитриевич;АВ-847150;03.10.1988;Шаман;37 лет;30-45;178;67;59;56;43;Тату на плече;Контузия легкой степени;Нет;Москва;Краснодарский край;ул. Ленина, д. 28, кв. 74;79306398071;Женат;Михайлов С.И.;79778551657;Неполная;2;27.10.2023;06.11.2023;1 год;05.11.2024;Московская обл.;12 лет;08.12.2023;6 мес.;08.12.2023;0;1;Нет;2 279 579 589;АМ 6745465;Среднее;Да;25 61 114161;Нет;Нет;Выдай ствол;Урал-4320;Нет;-;-;-;1 отделение 1 штурмовой взвод;контрактник;матрос;2;100915М;C:/Base/Photo/15.jpg
16;Стрелок-сапёр;ефрейтор;Иванов;Андрей;Александрович;СУ-944770;23.04.1996;Док;43 года;до 30;183;88;59;48;44;Шрам на бедре;Нет;Служебное;Краснодар;Краснодарский край;ул. Ленина, д. 63, кв. 57;79302781639;Женат;Попов А.И.;79476260018;Полная;3;18.08.2022;22.08.2022;1 год;22.08.2023;Свердловская обл.;7 лет;07.09.2022;5 мес.;07.09.2022;0;1;Водитель кат. С;1 435 408 709;ВК 4134736;Среднее специальное;Нет;87 28 936004;Нет;Нет;5,45 мм АК-74М №7832349 1992 г.в.;Нет;Нет;-;-;-;1 отделение 1 штурмовой взвод;контрактник;матрос;2;100915М/662;C:/Base/Photo/16.jpg
17;Командир отделения;сержант;Морозов;Андрей;Иванович;АВ-652530;04.03.1999;Тихий;34 года;до 30;185;70;58;50;42;Нет;Нет;Нет;Москва;Ростовская обл.;ул. Ленина, д. 37, кв. 1;79863464320;Холост;Волков А.А.;79297492739;Неполная;3;29.10.2022;08.11.2022;1 год;08.11.2023;Краснодарский край;5 лет;09.12.2022;2 мес.;09.12.2022;0;1;Водитель кат. С;3 764 988 339;ВК 9576131;Высшее;Нет;16 40 615022;Нет;Нет;"5,45 мм АК-12 №191265157 2019 г.в. 
1П87 №1501447 
6х9-1 №77289";Нет;Нет;-;-;-;2 отделение 1 штурмовой взвод;сержант;сержант;2;100182М;C:/Base/Photo/17.jpg
18;Старший стрелок;младший сержант;Попов;Александр;Дмитриевич;МТ-523139;16.06.1985;Беркут;49 лет;30-45;188;72;56;56;44;Тату на плече;Осколочное мягких тканей;Нет;Ростов-на-Дону;Приморский край;ул. Ленина, д. 2, кв. 119;79305398963;Женат;Федоров Д.С.;79429228104;Полная;0;05.09.2023;06.09.2023;1 год;05.09.2024;Новосибирская обл.;2 лет;31.10.2023;8 мес.;31.10.2023;0;0;Фельдшер;6 703 965 000;ВК 7546254;Среднее;Да;41 14 559298;Нет;Орден Мужества;"5,45 мм АК-12 №191254691 2019 г.в. 
40 мм ГП-25 №709120";КАМАЗ;Нет;-;-;-;2 отделение 1 штурмовой взвод;контрактник;старший матрос;7;100868М;C:/Base/Photo/18.jpg
19;Наводчик;старший матрос;Васильев;Дмитрий;Сергеевич;АВ-916205;27.05.1993;Леший;39 лет;30-45;181;83;56;50;43;Нет;Нет;Да;Москва;Краснодарский край;ул. Ленина, д. 11, кв. 48;79709642912;Холост;Михайлов А.А.;79805272010;Полная;1;08.01.2023;09.01.2023;1 год;09.01.2024;Московская обл.;13 лет;03.02.2023;10 мес.;03.02.2023;0;1;Нет;2 392 306 711;АМ 8568306;Среднее;В оформлении;66 21 423516;Нет;Нет;5,45 мм АК-12 №211292411 2021 г.в.;"УАЗ ""Патриот""";Нет;-;-;-;2 отделение 1 штурмовой взвод;контрактник;матрос;5;101281М;C:/Base/Photo/19.jpg
20;Механик-водитель - Номер расчёта;;Вакант;;;;;;;;;;;;;;;;;;;;;;;;;;;;;;;;;;;;;;;;;;;;;;;;;;2 отделение 1 штурмовой взвод;контрактник;матрос;2;844259М;C:/Base/Photo/20.jpg
21;Гранатомётчик;рядовой;Васильев;Евгений;Иванович;ЕК-412112;19.01.1984;Кот;18 лет;30-45;187;90;60;56;41;Нет;Нет;Да;Новосибирск;Московская обл.;ул. Ленина, д. 8, кв. 129;79465345050;Разведен;Михайлов А.И.;79502670088;Неполная;3;08.06.2023;11.06.2023;1 год;10.06.2024;Приморский край;15 лет;22.07.2023;11 мес.;22.07.2023;0;0;Сварщик;9 313 997 443;ВК 3750406;Среднее;Нет;21 13 196263;Нет;Орден Мужества;5,45 мм АК-12 №211284673 2021 г.в.;Нет;Нет;-;-;-;2 отделение 1 штурмовой взвод;контрактник;матрос;2;103061М;C:/Base/Photo/21.jpg
22;Водитель;старший сержант;Морозов;Артем;Андреевич;ЕК-373938;10.11.1984;Демон;55 лет;30-45;175;65;56;56;42;Шрам на бедре;Осколочное мягких тканей;Нет;Екатеринбург;Свердловская обл.;ул. Ленина, д. 95, кв. 195;79559637517;Разведен;Сидоров Д.А.;79386571765;Неполная;3;29.07.2023;06.08.2023;1 год;05.08.2024;Ростовская обл.;7 лет;08.09.2023;12 мес.;08.09.2023;0;0;Фельдшер;2 066 544 672;ВК 8300457;Среднее;Да;70 55 986072;Нет;Нет;Выдай ствол;КАМАЗ;налицо;-;-;-;2 отделение 1 штурмовой взвод;контрактник;матрос;2;837037М;C:/Base/Photo/22.jpg
23;Механик-водитель - Стрелок;рядовой;Морозов;Евгений;Андреевич;МТ-515221;23.11.1996;Беркут;45 лет;до 30;175;66;58;54;42;Шрам на бедре;Нет;Нет;Екатеринбург;Ростовская обл.;ул. Ленина, д. 57, кв. 10;79391620705;Холост;Новиков Д.С.;79718826375;Полная;2;14.09.2023;15.09.2023;1 год;14.09.2024;Московская обл.;3 лет;08.10.2023;12 мес.;08.10.2023;3;0;Нет;7 100 552 910;АМ 4881347;Среднее специальное;Нет;52 20 320403;Нет;Нет;"5,45 мм АК-12 №201251325 2020 г.в. 
6х9-1 №130714";Урал-4320;Нет;-;-;-;2 отделение 1 штурмовой взвод;контрактник;матрос;2;844259М;C:/Base/Photo/23.jpg
24;Стрелок-сапёр;старшина 2-й статьи;Васильев;Евгений;Максимович;МТ-127180;01.07.1984;Док;48 лет;30-45;183;81;56;54;43;Нет;Нет;Да;Москва;Свердловская обл.;ул. Ленина, д. 28, кв. 120;79587573716;Разведен;Федоров Е.А.;79515067179;Неполная;1;23.08.2022;31.08.2022;1 год;31.08.2023;Московская обл.;10 лет;18.10.2022;6 мес.;18.10.2022;10;0;Водитель кат. С;6 173 526 034;АМ 3672706;Высшее;Да;97 58 804204;Нет;Нет;5,45 мм АК-74М(Р) №1293823 1981 г.в.;"УАЗ ""Патриот""";Нет;-;-;-;2 отделение 1 штурмовой взвод;контрактник;матрос;2;100915М/662;C:/Base/Photo/24.jpg
25;Стрелок-помощник гранатомётчика;рядовой;Попов;Александр;Александрович;СУ-430891;18.04.1983;Беркут;23 года;30-45;171;75;56;52;42;Шрам на бедре;Нет;Служебное;Владивосток;Краснодарский край;ул. Ленина, д. 1, кв. 65;79268731810;Разведен;Васильев Е.А.;79466566413;Неполная;2;21.02.2023;22.02.2023;1 год;22.02.2024;Московская обл.;8 лет;13.03.2023;8 мес.;13.03.2023;3;0;Водитель кат. С;2 608 759 911;ВК 2264484;Среднее специальное;Нет;43 58 577610;Погашена;Нет;5,45 мм АК-74М №8342549 1993 г.в.;Нет;Нет;-;-;-;2 отделение 1 штурмовой взвод;контрактник;матрос;2;100915М/630;C:/Base/Photo/25.jpg
26;Командир взвода;младший лейтенант;Иванов;Артем;Евгеньевич;СУ-814080;15.03.2004;Док;32 года;до 30;175;81;57;50;44;Родинка на щеке;Осколочное мягких тканей;Служебное;Москва;Краснодарский край;ул. Ленина, д. 77, кв. 185;79570888420;Разведен;Попов И.А.;79773199116;Полная;1;22.11.2022;26.11.2022;1 год;26.11.2023;Ростовская обл.;13 лет;10.01.2023;12 мес.;10.01.2023;5;0;Сварщик;6 457 863 839;ВК 7544265;Среднее специальное;Да;29 41 904575;Нет;Орден Мужества;"5,45 мм АК-74М(Р) №6445806 1989 г.в. 
12 мм ружье МКА 1919 №64-H25YD-006141 
1ПН138 №190584 2019 г.в.";"УАЗ ""Патриот""";Нет;-;-;-;2 штурмовой взвод;офицер;старший лейтенант;2;0210003;C:/Base/Photo/26.jpg
27;Заместитель командира взвода;сержант;Волков;Артем;Александрович;АВ-700028;12.06.1997;Док;31 год;до 30;179;89;58;52;42;Нет;Нет;Да;Екатеринбург;Ростовская обл.;ул. Ленина, д. 27, кв. 115;79348067872;Женат;Морозов Е.А.;79442088067;Полная;1;23.07.2023;26.07.2023;1 год;25.07.2024;Приморский край;3 лет;01.09.2023;11 мес.;01.09.2023;0;0;Фельдшер;3 017 444 066;АМ 6308043;Среднее;В оформлении;14 22 963228;Погашена;Орден Мужества;"5,45 мм АК-74М №8350629 1993 г.в. 
12 мм ружье МР-155 №2515503068";Урал-4320;Нет;-;-;-;2 штурмовой взвод;сержант;сержант;2;100097М;C:/Base/Photo/27.jpg
28;Командир отделения;сержант;Соколов;Артем;Александрович;МТ-195532;16.06.2001;Гора;25 лет;до 30;183;75;60;52;42;Нет;Осколочное мягких тканей;Служебное;Краснодар;Приморский край;ул. Ленина, д. 19, кв. 71;79774189192;Холост;Соколов А.А.;79986241578;Полная;2;12.01.2022;21.01.2022;1 год;21.01.2023;Новосибирская обл.;13 лет;14.03.2022;4 мес.;14.03.2022;5;0;Сварщик;1 608 542 411;ВК 9935982;Среднее специальное;В оформлении;12 72 474198;Нет;Нет;"5,45 мм АК-74М №8232937 1992 г.в. 
1ПН93-2 к АК №А13054";Нет;налицо;-;-;-;1 отделение 2 штурмовой взвод;сержант;сержант;2;100182М;C:/Base/Photo/28.jpg
29;Старший стрелок;рядовой;Кремов;Леонид;Алексеевич;МТ-366658;19.08.1994;Лео;43 года;до 30;190;89;56;56;42;Родинка на щеке;Контузия легкой степени;Да;Екатеринбург;Приморский край;ул. Ленина, д. 47, кв. 152;79282257224;Холост;Новиков М.А.;79867983464;Неполная;2;03.09.2022;12.09.2022;1 год;12.09.2023;Свердловская обл.;5 лет;27.10.2022;9 мес.;27.10.2022;5;0;Фельдшер;5 983 766 061;АМ 2143505;Высшее;Нет;83 34 372884;Нет;Нет;Выдай ствол;Нет;налицо;-;-;-;1 отделение 2 штурмовой взвод;контрактник;старший матрос;7;100868М;C:/Base/Photo/29.jpg
30;Наводчик;сержант;Ковальков;Егор;Максимович;МТ-222923;31.12.1991;Ковыль;46 лет;30-45;170;95;57;52;45;Нет;Нет;Нет;Краснодар;Свердловская обл.;ул. Ленина, д. 85, кв. 113;79950960442;Женат;Васильев Д.И.;79392764915;Неполная;3;16.02.2022;23.02.2022;1 год;23.02.2023;Московская обл.;9 лет;14.03.2022;6 мес.;14.03.2022;10;1;Фельдшер;4 986 680 471;ВК 9499267;Высшее;Нет;85 83 800582;Погашена;Нет;"7,62 мм ПКМ №ДП980 1985 г.в. 
Зап. ствол к ПК №БТ229-2 
1ПН93-3 к ПК №Б00313 1989 г.в.";"УАЗ ""Патриот""";Нет;-;-;-;1 отделение 2 штурмовой взвод;контрактник;матрос;5;101281М;C:/Base/Photo/30.jpg
31;Механик-водитель - Номер расчёта;матрос;Михайлов;Алексей;Иванович;МТ-890685;13.11.1993;Леший;32 года;30-45;190;85;57;54;44;Тату на плече;Контузия легкой степени;Да;Владивосток;Московская обл.;ул. Ленина, д. 24, кв. 128;79572897676;Разведен;Васильев А.М.;79778659595;Полная;1;26.12.2023;05.01.2024;1 год;04.01.2025;Свердловская обл.;5 лет;26.02.2024;1 мес.;26.02.2024;0;1;Фельдшер;4 371 440 173;ВК 9762118;Среднее;Нет;68 39 711302;Нет;Нет;"5,45 мм АК-74М №8346966 1993 г.в. 
1ПН140-1 №А1537";КАМАЗ;налицо;-;-;-;1 отделение 2 штурмовой взвод;контрактник;матрос;2;844259М;C:/Base/Photo/31.jpg
32;Стрелок;ефрейтор;Петров;Михаил;Дмитриевич;ЕК-228550;06.04.1995;Леший;45 лет;до 30;181;71;58;50;43;Тату на плече;Нет;Служебное;Краснодар;Московская обл.;ул. Ленина, д. 64, кв. 107;79934576743;Женат;Сидоров А.Е.;79782550374;Полная;0;30.09.2022;04.10.2022;1 год;04.10.2023;Свердловская обл.;11 лет;27.10.2022;6 мес.;27.10.2022;10;1;Нет;2 475 964 112;ВК 5211339;Среднее специальное;Да;72 56 799844;Нет;"Медаль ""За отвагу""";"5,45 мм АК-12 №211254042 2021 г.в. 
40 мм ГП-25 №453449 
1П86-1 №А3133 
6х9-1 №216928";КАМАЗ;Нет;-;-;-;1 отделение 2 штурмовой взвод;контрактник;матрос;2;100915М;C:/Base/Photo/32.jpg
33;Стрелок;младший сержант;Иванов;Иван;Сергеевич;МТ-403288;08.10.1993;Странник;41 год;30-45;170;94;56;56;45;Нет;Осколочное мягких тканей;Нет;Новосибирск;Новосибирская обл.;ул. Ленина, д. 29, кв. 137;79947458318;Женат;Иванов А.С.;79817894395;Полная;2;05.05.2023;12.05.2023;1 год;11.05.2024;Новосибирская обл.;8 лет;01.06.2023;3 мес.;01.06.2023;10;0;Сварщик;5 265 668 125;АМ 6087004;Среднее специальное;Да;23 21 634908;Нет;Нет;"5,45 мм АК-74М №8351380 1993 г.в. 
40 мм ГП-25 №453736 
40 мм РПГ-7Д1 №ТГ-799 1989 г.в. 
1ПН93-2 к РПГ №А01649";КАМАЗ;тимофеевка;-;-;-;1 отделение 2 штурмовой взвод;контрактник;матрос;2;100915М;C:/Base/Photo/33.jpg
34;Стрелок;рядовой;Кузнецов;Иван;Алексеевич;МТ-743153;10.04.1982;Хуетер;44 года;30-45;170;86;59;54;43;Нет;Нет;Нет;Владивосток;Новосибирская обл.;ул. Ленина, д. 37, кв. 107;79660983030;Разведен;Сидоров М.А.;79772217765;Полная;2;21.11.2023;27.11.2023;1 год;26.11.2024;Новосибирская обл.;15 лет;09.01.2024;10 мес.;09.01.2024;0;0;Фельдшер;4 596 876 184;ВК 7708354;Высшее;Да;13 25 839567;Нет;Нет;Выдай ствол;Урал-4320;отпуск;-;-;-;1 отделение 2 штурмовой взвод;контрактник;матрос;2;100915М;C:/Base/Photo/34.jpg
35;Стрелок-сапёр;;Вакант;;;;;;;;;;;;;;;;;;;;;;;;;;;;;;;;;;;;;;;;;;;;;;;;;;1 отделение 2 штурмовой взвод;контрактник;матрос;2;100915М/662;C:/Base/Photo/35.jpg
36;Командир отделения;сержант;Сидоров;Евгений;Алексеевич;АВ-807168;13.07.1994;Смоки;34 года;до 30;178;78;56;54;41;Шрам на бедре;Нет;Служебное;Ростов-на-Дону;Московская обл.;ул. Ленина, д. 68, кв. 91;79298768045;Женат;Соколов А.А.;79221346866;Неполная;1;27.03.2023;28.03.2023;1 год;27.03.2024;Краснодарский край;3 лет;04.05.2023;10 мес.;04.05.2023;10;1;Водитель кат. С;9 504 234 237;ВК 5644668;Высшее;Да;26 99 571474;Нет;Нет;5,45 мм АК-74М №8558905 1994 г.в.;"УАЗ ""Патриот""";Нет;-;-;-;2 отделение 2 штурмовой взвод;сержант;сержант;2;100182М;C:/Base/Photo/36.jpg
37;Старший стрелок;старший матрос;Попов;Максим;Иванович;СУ-533325;03.12.1986;Лор;29 лет;30-45;178;73;58;48;45;Шрам на бедре;Нет;Да;Краснодар;Ростовская обл.;ул. Ленина, д. 76, кв. 182;79942841410;Женат;Кузнецов М.Е.;79463872631;Неполная;2;05.01.2023;06.01.2023;1 год;06.01.2024;Ростовская обл.;7 лет;01.03.2023;9 мес.;01.03.2023;3;1;Сварщик;1 812 417 607;ВК 2626005;Среднее специальное;В оформлении;54 44 629147;Нет;"Медаль ""За отвагу""";5,45 мм АК-74М №8347762 1993 г.в.;Урал-4320;Нет;-;-;-;2 отделение 2 штурмовой взвод;контрактник;старший матрос;2;100868М;C:/Base/Photo/37.jpg
38;Наводчик;;Вакант;;;;;;;;;;;;;;;;;;;;;;;;;;;;;;;;;;;;;;;;;;;;;;;;;;2 отделение 2 штурмовой взвод;контрактник;матрос;2;101281М;C:/Base/Photo/38.jpg
39;Механик-водитель - Номер расчёта;рядовой;Соколов;Евгений;Александрович;МТ-708351;09.04.1989;Крюк;34 года;30-45;184;89;58;48;44;Шрам на бедре;Контузия легкой степени;Нет;Екатеринбург;Приморский край;ул. Ленина, д. 96, кв. 46;79952073404;Холост;Федоров И.Е.;79420381138;Неполная;0;06.04.2023;11.04.2023;1 год;10.04.2024;Московская обл.;7 лет;26.04.2023;4 мес.;26.04.2023;5;1;Нет;2 305 432 454;ВК 6305076;Среднее специальное;В оформлении;78 10 692503;Нет;Нет;5,45 мм АК-12 №201238325 2020 г.в.;Урал-4320;отпуск;-;-;-;2 отделение 2 штурмовой взвод;контрактник;матрос;2;844259М;C:/Base/Photo/39.jpg
40;Гранатомётчик;рядовой;Волков;Сергей;Андреевич;МТ-720291;26.05.2003;Док;55 лет;до 30;189;84;60;48;42;Родинка на щеке;Нет;Да;Москва;Краснодарский край;ул. Ленина, д. 90, кв. 194;79120898098;Холост;Морозов Е.С.;79804211034;Полная;1;16.08.2022;19.08.2022;1 год;19.08.2023;Московская обл.;8 лет;04.09.2022;9 мес.;04.09.2022;0;0;Сварщик;4 316 622 807;ВК 5000578;Высшее;В оформлении;98 61 646320;Нет;"Медаль ""За отвагу""";"5,45 мм АК-12 №211244465 2021 г.в. 
1П87 №2302762 
6х9-1 №216945";Нет;Нет;-;-;-;2 отделение 2 штурмовой взвод;контрактник;матрос;7;103061М;C:/Base/Photo/40.jpg
41;Водитель;;Вакант;;;;;;;;;;;;;;;;;;;;;;;;;;;;;;;;;;;;;;;;;;;;;;;;;;2 отделение 2 штурмовой взвод;контрактник;матрос;5;837037М;C:/Base/Photo/41.jpg
42;Механик-водитель - Стрелок;рядовой;Михайлов;Алексей;Максимович;АВ-268621;02.11.1998;Тихий;48 лет;до 30;179;73;60;52;44;Нет;Нет;Да;Владивосток;Московская обл.;ул. Ленина, д. 65, кв. 171;79324288756;Холост;Васильев А.С.;79385066045;Неполная;0;03.08.2023;10.08.2023;1 год;09.08.2024;Приморский край;6 лет;11.09.2023;5 мес.;11.09.2023;3;1;Сварщик;2 909 494 720;ВК 4525138;Среднее;Нет;43 83 990114;Нет;Орден Мужества;5,45 мм АК-74М №8336457 1993 г.в.;Урал-4320;Нет;-;-;-;2 отделение 2 штурмовой взвод;контрактник;матрос;2;844259М;C:/Base/Photo/42.jpg
43;Стрелок-сапёр;;Вакант;;;;;;;;;;;;;;;;;;;;;;;;;;;;;;;;;;;;;;;;;;;;;;;;;;2 отделение 2 штурмовой взвод;контрактник;матрос;2;100915М/662;C:/Base/Photo/43.jpg
44;Стрелок-помощник гранатомётчика;;Новиков;Максим;Иванович;МТ-636386;29.08.1985;Собака;;30-45;189;86;57;52;43;Тату на плече;Контузия легкой степени;Нет;Екатеринбург;Ростовская обл.;ул. Ленина, д. 53, кв. 70;79810651591;Разведен;Соколов М.М.;79853755270;Полная;2;09.11.2022;17.11.2022;1 год;17.11.2023;Московская обл.;8 лет;13.01.2023;3 мес.;13.01.2023;0;0;Нет;7 091 432 442;АМ 6757972;Высшее;Да;50 24 587795;Нет;Нет;;"УАЗ ""Патриот""";Нет;-;-;-;2 отделение 2 штурмовой взвод;контрактник;матрос;2;100915М/630;C:/Base/Photo/44.jpg
45;Командир взвода;;Вакант;;;;;;;;;;;;;;;;;;;;;;;;;;;;;;;;;;;;;;;;;;;;;;;;;;3 штурмовой взвод;офицер;старший лейтенант;2;0210003;C:/Base/Photo/45.jpg
46;Заместитель командира взвода;сержант;Волков;Сергей;Алексеевич;СУ-104739;17.02.1998;Демон;31 год;до 30;178;81;60;48;44;Нет;Контузия легкой степени;Да;Ростов-на-Дону;Ростовская обл.;ул. Ленина, д. 29, кв. 124;79622982396;Разведен;Петров А.Д.;79174810579;Полная;1;30.01.2022;06.02.2022;1 год;06.02.2023;Новосибирская обл.;13 лет;18.03.2022;2 мес.;18.03.2022;3;1;Сварщик;1 958 861 182;АМ 1689606;Высшее;Нет;18 13 737485;Нет;Нет;"5,45 мм АК-74М №8252958 1992 г.в. 
12 мм ружье МР-155 №2515513504 2025 г.в. 
9П135М1 ПТРК ""Фагот"" №10-88-МК-5600 1990 г.в.";"УАЗ ""Патриот""";Нет;-;-;-;3 штурмовой взвод;сержант;сержант;2;100097М;C:/Base/Photo/46.jpg
47;Командир отделения;сержант;Сидоров;Сергей;Александрович;АВ-603778;11.04.1993;Пёс;42 года;30-45;172;85;60;48;42;Родинка на щеке;Контузия легкой степени;Служебное;Владивосток;Краснодарский край;ул. Ленина, д. 85, кв. 19;79452730214;Женат;Попов А.М.;79107026536;Неполная;1;21.04.2023;25.04.2023;1 год;24.04.2024;Московская обл.;6 лет;14.06.2023;2 мес.;14.06.2023;0;1;Сварщик;1 212 123 770;ВК 4030797;Высшее;В оформлении;88 30 892768;Нет;Нет;"5,45 мм АК-12 №201248242 2020 г.в. 
12 мм ружье МЦ21-12 №872463";Нет;тимофеевка;-;-;-;1 отделение 3 штурмовой взвод;сержант;сержант;2;100182М;C:/Base/Photo/47.jpg
48;Старший стрелок;рядовой;Федоров;Михаил;Андреевич;МТ-449948;09.03.1993;Свин;40 лет;30-45;183;91;57;52;43;Шрам на бедре;Контузия легкой степени;Служебное;Новосибирск;Приморский край;ул. Ленина, д. 26, кв. 152;79503257718;Женат;Морозов А.М.;79606839428;Неполная;3;28.07.2023;05.08.2023;1 год;04.08.2024;Приморский край;4 лет;07.09.2023;6 мес.;07.09.2023;0;0;Водитель кат. С;3 554 973 503;АМ 7068866;Высшее;Да;30 64 552470;Нет;Нет;5,45 мм АКС-74 №4584210 1986 г.в.;Нет;тимофеевка;-;-;-;1 отделение 3 штурмовой взвод;контрактник;старший матрос;2;100868М;C:/Base/Photo/48.jpg
49;Наводчик;;Вакант;;;;;;;;;;;;;;;;;;;;;;;;;;;;;;;;;;;;;;;;;;;;;;;;;;1 отделение 3 штурмовой взвод;контрактник;матрос;2;101281М;C:/Base/Photo/49.jpg
50;Механик-водитель - Номер расчёта;рядовой;Морозов;Максим;Андреевич;МТ-392252;10.10.1988;Норка;45 лет;30-45;181;82;56;50;41;Родинка на щеке;Нет;Да;Новосибирск;Свердловская обл.;ул. Ленина, д. 23, кв. 166;79119499571;Женат;Иванов И.А.;79370066624;Неполная;2;20.02.2022;28.02.2022;1 год;28.02.2023;Краснодарский край;2 лет;06.04.2022;4 мес.;06.04.2022;0;0;Водитель кат. С;1 548 514 513;ВК 1020840;Высшее;Нет;39 62 728470;Погашена;Орден Мужества;5,45 мм АК-12 №191269229 2019 г.в.;"УАЗ ""Патриот""";Нет;-;-;-;1 отделение 3 штурмовой взвод;контрактник;матрос;2;844259М;C:/Base/Photo/50.jpg
51;Стрелок;рядовой;Кузнецов;Михаил;Евгеньевич;ЕК-615815;20.05.2001;Гора;46 лет;до 30;170;74;56;50;43;Шрам на бедре;Нет;Служебное;Москва;Московская обл.;ул. Ленина, д. 40, кв. 192;79106811133;Разведен;Петров И.Е.;79796259786;Полная;1;17.03.2023;27.03.2023;1 год;26.03.2024;Ростовская обл.;6 лет;09.05.2023;5 мес.;09.05.2023;5;0;Нет;2 358 302 911;ВК 7912519;Среднее;Нет;61 20 191943;Нет;Нет;5,45 мм АКС-74 №4556292 1986 г.в.;"УАЗ ""Патриот""";Нет;-;-;-;1 отделение 3 штурмовой взвод;контрактник;матрос;7;100915М;C:/Base/Photo/51.jpg
52;Стрелок;рядовой;Тельманов;Михаил;Евгеньевич;;10.07.1994;Шаман;34 года;до 30;178;90;60;48;41;Родинка на щеке;Нет;Нет;Новосибирск;Московская обл.;ул. Ленина, д. 82, кв. 16;79520581345;Холост;Морозов М.А.;79707696893;Неполная;2;05.08.2022;08.08.2022;1 год;08.08.2023;Приморский край;11 лет;14.09.2022;12 мес.;14.09.2022;0;1;Нет;6 803 872 294;АМ 8919397;Высшее;Нет;37 75 235161;Нет;"Медаль ""За отвагу""";Выдай ствол;Нет;отпуск;-;-;-;1 отделение 3 штурмовой взвод;контрактник;матрос;5;100915М;C:/Base/Photo/52.jpg
53;Стрелок;старший матрос;Соколов;Максим;Алексеевич;СУ-629173;01.02.1991;Демон;26 лет;30-45;173;76;59;56;45;Нет;Осколочное мягких тканей;Да;Москва;Ростовская обл.;ул. Ленина, д. 88, кв. 106;79784627699;Разведен;Федоров А.А.;79392755696;Неполная;3;06.11.2023;12.11.2023;1 год;11.11.2024;Свердловская обл.;13 лет;26.11.2023;7 мес.;26.11.2023;0;0;Нет;2 538 994 277;АМ 7996698;Высшее;Нет;80 67 547823;Нет;Нет;5,45 мм АКС-74 №4555818 1991 г.в.;Урал-4320;Нет;-;-;-;1 отделение 3 штурмовой взвод;контрактник;матрос;2;100915М;C:/Base/Photo/53.jpg
54;Стрелок-сапёр;рядовой;Соколов;Евгений;Алексеевич;СУ-117522;25.05.1998;Роки;31 год;до 30;182;74;59;56;42;Родинка на щеке;Контузия легкой степени;Нет;Екатеринбург;Приморский край;ул. Ленина, д. 89, кв. 115;79211193559;Женат;Петров Е.Д.;79846130529;Неполная;0;07.03.2023;17.03.2023;1 год;16.03.2024;Ростовская обл.;7 лет;20.04.2023;6 мес.;20.04.2023;0;1;Водитель кат. С;3 847 866 299;ВК 9166782;Среднее;В оформлении;46 57 782531;Нет;Орден Мужества;5,45 мм АК-74М №8344229 1993 г.в.;"УАЗ ""Патриот""";шахово;-;-;-;1 отделение 3 штурмовой взвод;контрактник;матрос;2;100915М/662;C:/Base/Photo/54.jpg
55;Командир отделения;;Вакант;;;;;;;;;;;;;;;;;;;;;;;;;;;;;;;;;;;;;;;;;;;;;;;;;;2 отделение 3 штурмовой взвод;сержант;сержант;2;100182М;C:/Base/Photo/55.jpg
56;Старший стрелок;рядовой;Иванов;Иван;Александрович;МТ-665913;05.07.1992;Корги;38 лет;30-45;170;80;60;48;44;Шрам на бедре;Осколочное мягких тканей;Да;Екатеринбург;Краснодарский край;ул. Ленина, д. 86, кв. 140;79155572038;Холост;Федоров С.И.;79813186499;Полная;0;28.01.2022;31.01.2022;1 год;31.01.2023;Новосибирская обл.;6 лет;03.03.2022;6 мес.;03.03.2022;0;1;Водитель кат. С;5 817 730 299;АМ 6293900;Среднее;Нет;29 64 216915;Погашена;Орден Мужества;5,45 мм АК-12 №211253371 2021 г.в.;"УАЗ ""Патриот""";шахово;-;-;-;2 отделение 3 штурмовой взвод;контрактник;старший матрос;2;100868М;C:/Base/Photo/56.jpg
57;Наводчик;матрос;Волков;Евгений;Алексеевич;ЕК-555404;12.10.2001;Кот;20 лет;до 30;181;66;57;54;43;Нет;Нет;Служебное;Новосибирск;Свердловская обл.;ул. Ленина, д. 98, кв. 57;79354803840;Женат;Михайлов И.А.;79164450124;Полная;2;16.12.2023;22.12.2023;1 год;21.12.2024;Краснодарский край;5 лет;19.02.2024;12 мес.;19.02.2024;0;1;Сварщик;1 134 844 390;АМ 3412602;Среднее;Нет;44 50 975869;Нет;"Медаль ""За отвагу""";5,45 мм АКС-74 №6801761 1990 г.в.;КАМАЗ;новоторецкое;-;-;-;2 отделение 3 штурмовой взвод;контрактник;матрос;2;101281М;C:/Base/Photo/57.jpg
58;Механик-водитель - Номер расчёта;старший матрос;Новиков;Александр;Иванович;МТ-870194;10.07.1984;Кабан;46 лет;30-45;189;73;59;52;45;Тату на плече;Нет;Да;Москва;Новосибирская обл.;ул. Ленина, д. 53, кв. 64;79180173297;Разведен;Морозов С.Е.;79524063172;Неполная;1;20.09.2022;22.09.2022;1 год;22.09.2023;Московская обл.;9 лет;13.10.2022;10 мес.;13.10.2022;3;0;Нет;8 079 885 670;ВК 4214041;Среднее;Да;50 41 528582;Нет;Нет;5,45 мм АК-12 №191271607 2019 г.в.;"УАЗ ""Патриот""";новоторецкое;-;-;-;2 отделение 3 штурмовой взвод;контрактник;матрос;2;844259М;C:/Base/Photo/58.jpg
59;Гранатомётчик;рядовой;Вакант;Евгений;Евгеньевич;МТ-707157;22.11.1996;Левша;36 лет;до 30;172;66;58;54;45;Родинка на щеке;Нет;Да;Ростов-на-Дону;Ростовская обл.;ул. Ленина, д. 36, кв. 43;79530453085;Холост;Петров А.А.;79213810483;Полная;2;22.08.2022;30.08.2022;1 год;30.08.2023;Свердловская обл.;14 лет;14.09.2022;11 мес.;14.09.2022;3;0;Фельдшер;7 825 245 823;ВК 3448377;Высшее;Да;18 75 365815;Погашена;Орден Мужества;5,45 мм АК-12 №211282529 2021 г.в.;Урал-4320;Нет;-;-;-;2 отделение 3 штурмовой взвод;контрактник;матрос;2;103061М;C:/Base/Photo/59.jpg
60;Водитель;рядовой;Иванов;Дмитрий;Евгеньевич;СУ-441207;01.10.2001;Правша;45 лет;до 30;187;75;56;48;42;Шрам на бедре;Осколочное мягких тканей;Да;Краснодар;Новосибирская обл.;ул. Ленина, д. 81, кв. 118;79620763062;Женат;Федоров М.Е.;79305640042;Неполная;3;17.08.2022;22.08.2022;1 год;22.08.2023;Новосибирская обл.;6 лет;13.09.2022;4 мес.;13.09.2022;3;0;Сварщик;2 587 844 722;АМ 7791187;Среднее специальное;Да;25 30 840491;Нет;Нет;5,45 мм АК-12 №191274061 2019 г.в.;Урал-4320;Нет;-;-;-;2 отделение 3 штурмовой взвод;контрактник;матрос;2;837037М;C:/Base/Photo/60.jpg
61;Механик-водитель - Стрелок;рядовой;Сидоров;Александр;Иванович;МТ-860781;30.04.1991;Тихий;38 лет;30-45;185;94;60;54;41;Нет;Нет;Нет;Екатеринбург;Свердловская обл.;ул. Ленина, д. 82, кв. 85;79459294242;Женат;Морозов С.Д.;79803151076;Полная;2;31.12.2023;01.01.2024;1 год;31.12.2024;Приморский край;13 лет;03.02.2024;5 мес.;03.02.2024;10;0;Сварщик;9 355 458 464;АМ 2347864;Высшее;В оформлении;34 89 471245;Нет;Нет;5,45 мм АК-74М №8546069 1994 г.в.;Нет;Нет;-;-;-;2 отделение 3 штурмовой взвод;контрактник;матрос;2;844259М;C:/Base/Photo/61.jpg
62;Стрелок-сапёр;рядовой;Петров;Алексей;Андреевич;АВ-210650;19.03.2004;Сварной;34 года;до 30;179;72;60;56;41;Нет;Контузия легкой степени;Нет;Екатеринбург;Ростовская обл.;ул. Ленина, д. 64, кв. 83;79423895771;Холост;Федоров А.Е.;79925973896;Полная;0;04.05.2022;13.05.2022;1 год;13.05.2023;Свердловская обл.;10 лет;05.06.2022;3 мес.;05.06.2022;0;0;Сварщик;3 605 137 428;АМ 1694247;Высшее;Да;55 24 254062;Нет;"Медаль ""За отвагу""";Выдай ствол;Урал-4320;владимировка;-;-;-;2 отделение 3 штурмовой взвод;контрактник;матрос;7;100915М/662;C:/Base/Photo/62.jpg
63;Стрелок-помощник гранатомётчика;старший матрос;Сидоров;Сергей;Алексеевич;ЕК-399067;26.09.1988;Демон;24 года;30-45;175;86;56;54;41;Нет;Контузия легкой степени;Нет;Москва;Свердловская обл.;ул. Ленина, д. 20, кв. 188;79944073764;Разведен;Новиков А.А.;79740785418;Полная;1;02.08.2023;06.08.2023;1 год;05.08.2024;Приморский край;9 лет;09.09.2023;5 мес.;09.09.2023;10;1;Фельдшер;5 573 173 493;АМ 3902462;Высшее;В оформлении;65 77 939232;Нет;Нет;"5,45 мм АК-74М №8182900 1992 г.в. 
1ПН140-1 №А1706";"УАЗ ""Патриот""";медицинская рота;-;-;-;2 отделение 3 штурмовой взвод;контрактник;матрос;5;100915М/630;C:/Base/Photo/63.jpg
64;Командир взвода;младший лейтенант;Морозов;Михаил;Дмитриевич;МТ-156220;17.10.2003;Шаман;32 года;до 30;182;95;56;54;44;Шрам на бедре;Нет;Нет;Москва;Ростовская обл.;ул. Ленина, д. 63, кв. 55;79218984461;Разведен;Соколов М.А.;79892056078;Неполная;3;23.03.2022;01.04.2022;1 год;01.04.2023;Новосибирская обл.;14 лет;09.05.2022;9 мес.;09.05.2022;0;1;Водитель кат. С;5 310 284 001;ВК 5035758;Высшее;В оформлении;78 88 398624;Нет;Орден Мужества;"5,45 мм АК-74М №8178923 1992 г.в. 
9 мм ПЯ №18Г9709 2018 г.в. 
1ПН138 №170066 2017 г.в.";КАМАЗ;Нет;-;-;-;4 штурмовой взвод;офицер;старший лейтенант;2;0210003;C:/Base/Photo/64.jpg
65;Заместитель командира взвода;главный корабельный старшина;Кузнецов;Алексей;Сергеевич;МТ-568510;27.02.1997;Док;39 лет;до 30;171;88;57;50;41;Тату на плече;Нет;Да;Владивосток;Новосибирская обл.;ул. Ленина, д. 31, кв. 117;79325472288;Разведен;Попов С.Е.;79467628999;Неполная;3;28.09.2022;04.10.2022;1 год;04.10.2023;Ростовская обл.;7 лет;09.11.2022;9 мес.;09.11.2022;3;1;Нет;3 223 308 008;ВК 2577519;Высшее;Да;31 33 969556;Нет;Нет;"5,45 мм АК-12 №191273876 2019 г.в. 
12 мм ружье ИЖ-27ЕМ №052732498";Урал-4320;Нет;-;-;-;4 штурмовой взвод;сержант;сержант;2;100097М;C:/Base/Photo/65.jpg
66;Командир отделения;младший сержант;Кузнецов;Александр;Иванович;СУ-547563;11.07.1985;Черт;33 года;30-45;172;81;58;50;42;Нет;Нет;Нет;Краснодар;Московская обл.;ул. Ленина, д. 42, кв. 90;79637654035;Разведен;Новиков А.А.;79148525766;Полная;2;14.03.2023;15.03.2023;1 год;14.03.2024;Краснодарский край;8 лет;23.04.2023;9 мес.;23.04.2023;0;1;Нет;1 719 811 732;ВК 1099819;Высшее;Да;26 72 573764;Нет;Нет;"5,45 мм АК-12 №191274741 2019 г.в. 
40 мм ГП-25 №453926";КАМАЗ;налицо;-;-;-;1 отделение 4 штурмовой взвод;сержант;сержант;2;100182М;C:/Base/Photo/66.jpg
67;Старший стрелок;старший сержант;Кузнецов;Михаил;Дмитриевич;АВ-792445;20.11.1992;Беркут;37 лет;30-45;176;91;57;50;44;Родинка на щеке;Нет;Да;Екатеринбург;Новосибирская обл.;ул. Ленина, д. 58, кв. 32;79308939127;Разведен;Федоров А.Д.;79255537353;Полная;2;18.09.2022;24.09.2022;1 год;24.09.2023;Свердловская обл.;12 лет;12.11.2022;11 мес.;12.11.2022;0;1;Водитель кат. С;4 068 649 926;АМ 9753640;Среднее;Да;29 30 976707;Нет;"Медаль ""За отвагу""";Выдай ствол;КАМАЗ;Нет;-;-;-;1 отделение 4 штурмовой взвод;контрактник;старший матрос;2;100868М;C:/Base/Photo/67.jpg
68;Наводчик;младший сержант;Волков;Сергей;Дмитриевич;МТ-900443;02.06.1997;Кабан;57 лет;до 30;177;72;57;48;43;Шрам на бедре;Нет;Да;Ростов-на-Дону;Приморский край;ул. Ленина, д. 91, кв. 86;79456101361;Женат;Петров А.И.;79716682053;Неполная;0;12.08.2023;15.08.2023;1 год;14.08.2024;Свердловская обл.;7 лет;10.09.2023;1 мес.;10.09.2023;10;1;Фельдшер;1 410 281 792;АМ 2180333;Среднее;В оформлении;75 67 854129;Погашена;Нет;5,45 мм АК-12 №191269152 2019 г.в.;КАМАЗ;Нет;-;-;-;1 отделение 4 штурмовой взвод;контрактник;матрос;2;101281М;C:/Base/Photo/68.jpg
69;Механик-водитель - Номер расчёта;рядовой;Иванов;Дмитрий;Александрович;ЕК-110074;08.09.2002;Лесной;35 лет;до 30;184;84;59;56;41;Родинка на щеке;Осколочное мягких тканей;Служебное;Новосибирск;Краснодарский край;ул. Ленина, д. 86, кв. 178;79286374538;Разведен;Соколов И.Д.;79170980730;Неполная;1;13.12.2023;20.12.2023;1 год;19.12.2024;Московская обл.;5 лет;21.01.2024;1 мес.;21.01.2024;10;0;Фельдшер;4 536 789 648;ВК 2350261;Среднее;Да;24 22 935144;Нет;Нет;Выдай ствол;Урал-4320;тимофеевка;-;-;-;1 отделение 4 штурмовой взвод;контрактник;матрос;2;844259М;C:/Base/Photo/69.jpg
70;Стрелок;рядовой;Федоров;Дмитрий;Дмитриевич;ЕК-626466;19.01.1999;Дождик;53 года;до 30;174;94;57;50;43;Нет;Нет;Служебное;Ростов-на-Дону;Московская обл.;ул. Ленина, д. 79, кв. 169;79956875175;Холост;Соколов А.А.;79528434466;Неполная;2;01.11.2022;02.11.2022;1 год;02.11.2023;Московская обл.;1 лет;06.12.2022;5 мес.;06.12.2022;3;0;Водитель кат. С;8 614 721 019;ВК 7928073;Среднее;В оформлении;41 13 385001;Нет;Нет;5,45 мм АК-74М №8340414 1993 г.в.;КАМАЗ;владимировка;-;-;-;1 отделение 4 штурмовой взвод;контрактник;матрос;2;100915М;C:/Base/Photo/70.jpg
71;Стрелок;младший сержант;Новиков;Максим;Алексеевич;СУ-562894;19.12.1988;Шаман;42 года;30-45;187;65;58;56;41;Родинка на щеке;Осколочное мягких тканей;Служебное;Москва;Новосибирская обл.;ул. Ленина, д. 26, кв. 39;79808116781;Разведен;Морозов И.С.;79400775219;Полная;0;12.09.2022;21.09.2022;1 год;21.09.2023;Приморский край;7 лет;18.11.2022;3 мес.;18.11.2022;0;0;Сварщик;8 889 678 977;ВК 9606154;Среднее;Да;62 61 609227;Нет;Нет;Выдай ствол;"УАЗ ""Патриот""";тимофеевка;-;-;-;1 отделение 4 штурмовой взвод;контрактник;матрос;2;100915М;C:/Base/Photo/71.jpg
72;Стрелок;старший матрос;Волков;Евгений;Андреевич;МТ-716509;11.08.1997;Ветер;35 лет;до 30;176;72;60;56;41;Тату на плече;Контузия легкой степени;Нет;Ростов-на-Дону;Московская обл.;ул. Ленина, д. 99, кв. 187;79816965111;Холост;Новиков М.Е.;79780989510;Полная;1;28.11.2022;07.12.2022;1 год;07.12.2023;Приморский край;6 лет;17.01.2023;9 мес.;17.01.2023;0;1;Фельдшер;4 438 259 109;ВК 6739604;Среднее;Да;76 50 759770;Нет;Орден Мужества;5,45 мм АК-74М №8161079 1992 г.в.;КАМАЗ;шахово;-;-;-;1 отделение 4 штурмовой взвод;контрактник;матрос;2;100915М;C:/Base/Photo/72.jpg
73;Стрелок-сапёр;рядовой;Иванов;Иван;Алексеевич;СУ-368820;09.07.1991;Четверг;35 лет;30-45;190;72;59;54;41;Нет;Нет;Да;Екатеринбург;Ростовская обл.;ул. Ленина, д. 12, кв. 44;79960218776;Холост;Новиков С.А.;79771082698;Неполная;3;30.12.2022;05.01.2023;1 год;05.01.2024;Краснодарский край;9 лет;03.03.2023;5 мес.;03.03.2023;0;0;Фельдшер;7 262 436 001;ВК 8539776;Среднее;Нет;51 18 629684;Нет;Нет;5,45 мм АК-12 №201236636 2020 г.в.;КАМАЗ;Нет;-;-;-;1 отделение 4 штурмовой взвод;контрактник;матрос;7;100915М/662;C:/Base/Photo/73.jpg
74;Командир отделения;младший сержант;Иванов;Михаил;Алексеевич;АВ-662926;09.10.2002;Тихий;25 лет;до 30;181;80;56;48;41;Родинка на щеке;Нет;Да;Владивосток;Ростовская обл.;ул. Ленина, д. 57, кв. 60;79669660463;Холост;Васильев М.А.;79871425220;Полная;3;27.12.2023;31.12.2023;1 год;30.12.2024;Ростовская обл.;9 лет;23.02.2024;4 мес.;23.02.2024;0;1;Фельдшер;1 175 946 883;АМ 6826243;Среднее специальное;Нет;71 91 910971;Нет;"Медаль ""За отвагу""";5,45 мм АК-74Н №6378983 1989 г.в.;"УАЗ ""Патриот""";налицо;-;-;-;2 отделение 4 штурмовой взвод;сержант;сержант;5;100182М;C:/Base/Photo/74.jpg
75;Старший стрелок;рядовой;Попов;Артем;Иванович;МТ-279533;12.09.1986;Гора;18 лет;30-45;177;94;60;54;43;Нет;Нет;Да;Владивосток;Краснодарский край;ул. Ленина, д. 66, кв. 112;79516402747;Холост;Соколов И.И.;79191704758;Полная;2;19.05.2023;22.05.2023;1 год;21.05.2024;Ростовская обл.;3 лет;10.06.2023;12 мес.;10.06.2023;3;1;Фельдшер;5 107 538 705;АМ 8290748;Среднее специальное;В оформлении;88 39 961620;Нет;Нет;"5,45 мм АК-12 №191274111 2019 г.в. 
40 мм РПГ-7Д1 №КВ-433 1989 г.в.";Урал-4320;Нет;-;-;-;2 отделение 4 штурмовой взвод;контрактник;старший матрос;2;100868М;C:/Base/Photo/75.jpg
76;Наводчик;рядовой;Волков;Иван;Максимович;СУ-675083;05.10.1989;Птиц;42 года;30-45;177;71;58;50;42;Шрам на бедре;Нет;Нет;Ростов-на-Дону;Краснодарский край;ул. Ленина, д. 95, кв. 109;79627188147;Разведен;Соколов А.А.;79818983684;Неполная;1;16.02.2023;17.02.2023;1 год;17.02.2024;Краснодарский край;12 лет;04.04.2023;12 мес.;04.04.2023;10;0;Водитель кат. С;1 951 170 095;ВК 1596895;Среднее специальное;Да;81 50 165300;Нет;"Медаль ""За отвагу""";7,62 мм ПКМН №ГН445 1981 г.в.;КАМАЗ;налицо;-;-;-;2 отделение 4 штурмовой взвод;контрактник;матрос;2;101281М;C:/Base/Photo/76.jpg
77;Механик-водитель - Номер расчёта;старший матрос;Иванов;Артем;Максимович;АВ-771333;22.02.1989;Гора;39 лет;30-45;178;85;58;48;44;Нет;Осколочное мягких тканей;Нет;Екатеринбург;Московская обл.;ул. Ленина, д. 50, кв. 36;79487151592;Женат;Петров Е.М.;79319870700;Полная;3;21.02.2022;25.02.2022;1 год;25.02.2023;Новосибирская обл.;8 лет;05.04.2022;2 мес.;05.04.2022;3;0;Фельдшер;7 485 270 436;АМ 8237478;Среднее;Да;83 21 250505;Погашена;"Медаль ""За отвагу""";Выдай ствол;КАМАЗ;владимировка;-;-;-;2 отделение 4 штурмовой взвод;контрактник;матрос;2;844259М;C:/Base/Photo/77.jpg
78;Гранатомётчик;старший сержант;Волков;Иван;Максимович;АВ-121331;26.06.1987;Кабан;47 лет;30-45;177;89;56;52;44;Нет;Нет;Да;Владивосток;Приморский край;ул. Ленина, д. 29, кв. 103;79940838199;Холост;Сидоров Е.Д.;79261569075;Неполная;3;20.01.2022;21.01.2022;1 год;21.01.2023;Приморский край;14 лет;05.03.2022;1 мес.;05.03.2022;5;1;Фельдшер;1 417 642 960;ВК 8672427;Высшее;В оформлении;98 45 123102;Нет;Орден Мужества;5,45 мм АК-74Н №468634 1980 г.в.;КАМАЗ;Нет;-;-;-;2 отделение 4 штурмовой взвод;контрактник;матрос;2;103061М;C:/Base/Photo/78.jpg
79;Водитель;младший сержант;Иванов;Андрей;Сергеевич;ЕК-364325;11.02.1993;Леший;42 года;30-45;173;81;60;50;44;Родинка на щеке;Нет;Служебное;Владивосток;Краснодарский край;ул. Ленина, д. 50, кв. 81;79314438114;Холост;Кузнецов С.А.;79406962425;Полная;3;29.06.2022;06.07.2022;1 год;06.07.2023;Ростовская обл.;4 лет;24.07.2022;12 мес.;24.07.2022;3;0;Нет;7 057 814 038;АМ 6328623;Среднее специальное;В оформлении;67 16 554442;Нет;"Медаль ""За отвагу""";5,45 мм АКС-74У №587569 1986 г.в.;КАМАЗ;налицо;-;-;-;2 отделение 4 штурмовой взвод;контрактник;матрос;2;837037М;C:/Base/Photo/79.jpg
80;Механик-водитель - Стрелок;рядовой;Кузнецов;Михаил;Сергеевич;АВ-854828;23.06.1995;Кабан;60 лет;до 30;170;74;58;52;43;Нет;Нет;Служебное;Ростов-на-Дону;Краснодарский край;ул. Ленина, д. 95, кв. 28;79971039368;Холост;Морозов А.А.;79199568207;Полная;1;21.09.2022;29.09.2022;1 год;29.09.2023;Новосибирская обл.;14 лет;03.11.2022;11 мес.;03.11.2022;5;0;Водитель кат. С;2 377 527 118;АМ 8627115;Среднее специальное;Нет;23 88 381002;Погашена;Нет;5,45 мм АКС-74 №4544295 1986 г.в.;"УАЗ ""Патриот""";Нет;-;-;-;2 отделение 4 штурмовой взвод;контрактник;матрос;2;844259М;C:/Base/Photo/80.jpg
81;Стрелок-сапёр;младший сержант;Волков;Евгений;Иванович;МТ-886601;04.08.1991;Кот;43 года;30-45;175;88;59;48;44;Шрам на бедре;Нет;Служебное;Владивосток;Ростовская обл.;ул. Ленина, д. 48, кв. 51;79541520801;Женат;Иванов А.С.;79539812879;Полная;0;10.01.2023;17.01.2023;1 год;17.01.2024;Приморский край;8 лет;11.02.2023;11 мес.;11.02.2023;0;0;Фельдшер;2 056 286 454;ВК 8929992;Среднее;В оформлении;82 54 323266;Нет;Орден Мужества;"5,45 мм АК-74М №8118041 1992 г.в. 
9П135М1 ПТРК ""Фагот"" №06-90-МК-3638 1990 г.в.";Нет;Нет;-;-;-;2 отделение 4 штурмовой взвод;контрактник;матрос;2;100915М/662;C:/Base/Photo/81.jpg
82;Стрелок-помощник гранатомётчика;;Вакант;;;;;;;;;;;;;;;;;;;;;;;;;;;;;;;;;;;;;;;;;;;;;;;;;;2 отделение 4 штурмовой взвод;контрактник;матрос;2;100915М/630;C:/Base/Photo/82.jpg
83;Командир взвода;лейтенант;Попов;Андрей;Дмитриевич;МТ-666149;26.05.1991;Сварной;37 лет;30-45;185;95;56;54;42;Тату на плече;Нет;Да;Новосибирск;Свердловская обл.;ул. Ленина, д. 80, кв. 65;79148356278;Холост;Морозов Е.Д.;79731571510;Неполная;3;22.12.2022;01.01.2023;1 год;01.01.2024;Московская обл.;8 лет;19.02.2023;9 мес.;19.02.2023;10;0;Сварщик;1 732 272 994;ВК 8731273;Высшее;В оформлении;74 35 543129;Погашена;"Медаль ""За отвагу""";"5,45 мм АК-74М №8545515 1994 г.в. 
9 мм ПЯ №18К1216 2018 г.в.";Урал-4320;госпиталь;-;-;-;5 штурмовой взвод;офицер;старший лейтенант;2;0210003;C:/Base/Photo/83.jpg
84;Заместитель командира взвода;сержант;Сидоров;Алексей;Сергеевич;МТ-340537;17.06.1991;Беркут;32 года;30-45;185;67;56;54;43;Тату на плече;Нет;Служебное;Владивосток;Новосибирская обл.;ул. Ленина, д. 28, кв. 168;79432228465;Разведен;Иванов С.И.;79322520589;Неполная;1;22.06.2022;27.06.2022;1 год;27.06.2023;Приморский край;8 лет;10.08.2022;5 мес.;10.08.2022;3;0;Фельдшер;2 936 706 502;ВК 8871276;Среднее специальное;Да;76 98 820812;Погашена;Орден Мужества;5,45 мм АК-74М №8271975 1993 г.в.;Урал-4320;владимировка;-;-;-;5 штурмовой взвод;сержант;сержант;7;100097М;C:/Base/Photo/84.jpg
85;Командир отделения;младший сержант;Морозов;Дмитрий;Евгеньевич;АВ-397364;19.12.1989;Тихий;28 лет;30-45;179;79;57;54;44;Нет;Контузия легкой степени;Да;Новосибирск;Приморский край;ул. Ленина, д. 63, кв. 59;79668800057;Женат;Федоров И.М.;79546630940;Полная;1;16.01.2023;23.01.2023;1 год;23.01.2024;Приморский край;15 лет;23.02.2023;8 мес.;23.02.2023;0;1;Фельдшер;5 652 530 488;АМ 3141003;Высшее;Да;60 68 914614;Нет;Нет;5,45 мм АК-74М №7695724 1991 г.в.;Урал-4320;Нет;-;-;-;1 отделение 5 штурмовой взвод;сержант;сержант;5;100182М;C:/Base/Photo/85.jpg
86;Старший стрелок;рядовой;Попов;Андрей;Алексеевич;ЕК-466754;21.11.1995;Странник;50 лет;до 30;171;94;59;54;45;Шрам на бедре;Контузия легкой степени;Да;Владивосток;Московская обл.;ул. Ленина, д. 47, кв. 125;79982283280;Женат;Петров Е.Е.;79534063554;Полная;2;16.09.2022;20.09.2022;1 год;20.09.2023;Приморский край;15 лет;31.10.2022;10 мес.;31.10.2022;10;1;Фельдшер;1 238 125 459;ВК 4523954;Высшее;В оформлении;56 24 979175;Нет;Нет;5,45 мм АК-74М №8341657 1993 г.в.;"УАЗ ""Патриот""";новоторецкое;-;-;-;1 отделение 5 штурмовой взвод;контрактник;старший матрос;2;100868М;C:/Base/Photo/86.jpg
87;Наводчик;рядовой;Васильев;Артем;Максимович;АВ-807084;25.05.1996;Док;46 лет;до 30;171;69;57;48;45;Шрам на бедре;Нет;Да;Ростов-на-Дону;Ростовская обл.;ул. Ленина, д. 54, кв. 12;79553120145;Холост;Волков М.М.;79829427973;Полная;0;15.07.2023;23.07.2023;1 год;22.07.2024;Ростовская обл.;8 лет;10.09.2023;6 мес.;10.09.2023;3;0;Фельдшер;5 678 947 695;АМ 7599816;Среднее;Нет;86 40 876190;Нет;Орден Мужества;5,45 мм АК-74М №8338263 1993 г.в.;КАМАЗ;Нет;-;-;-;1 отделение 5 штурмовой взвод;контрактник;матрос;2;101281М;C:/Base/Photo/87.jpg
88;Механик-водитель - Номер расчёта;рядовой;Кузнецов;Алексей;Андреевич;ЕК-829874;04.12.1999;Тихий;41 год;до 30;172;80;57;54;45;Шрам на бедре;Осколочное мягких тканей;Нет;Ростов-на-Дону;Краснодарский край;ул. Ленина, д. 96, кв. 63;79334684469;Холост;Федоров А.Е.;79386689043;Неполная;1;07.07.2022;11.07.2022;1 год;11.07.2023;Свердловская обл.;7 лет;26.08.2022;11 мес.;26.08.2022;0;0;Фельдшер;5 958 943 145;ВК 7153248;Среднее специальное;Да;72 94 596172;Погашена;Нет;5,45 мм АК-12 №191265062 2019 г.в.;Урал-4320;Нет;-;-;-;1 отделение 5 штурмовой взвод;контрактник;матрос;2;844259М;C:/Base/Photo/88.jpg
89;Стрелок;ефрейтор;Федоров;Сергей;Иванович;АВ-946426;27.12.1995;Странник;48 лет;до 30;173;84;59;56;42;Шрам на бедре;Нет;Служебное;Ростов-на-Дону;Приморский край;ул. Ленина, д. 86, кв. 86;79570672892;Разведен;Волков М.А.;79615318811;Полная;2;20.08.2022;30.08.2022;1 год;30.08.2023;Ростовская обл.;10 лет;04.10.2022;5 мес.;04.10.2022;5;0;Водитель кат. С;4 346 450 005;АМ 9439926;Высшее;Да;91 59 451032;Нет;Нет;"5,45 мм АК-74М №8347839 1993 г.в. 
1ПН93-2 к АК №Р00401";"УАЗ ""Патриот""";Нет;-;-;-;1 отделение 5 штурмовой взвод;контрактник;матрос;2;100915М;C:/Base/Photo/89.jpg
90;Стрелок;младший сержант;Новиков;Сергей;Алексеевич;АВ-662791;02.02.2001;Леший;40 лет;до 30;175;72;56;54;44;Тату на плече;Нет;Служебное;Москва;Приморский край;ул. Ленина, д. 73, кв. 112;79213938226;Женат;Сидоров А.А.;79568714459;Полная;3;24.09.2022;30.09.2022;1 год;30.09.2023;Ростовская обл.;2 лет;27.11.2022;11 мес.;27.11.2022;5;1;Сварщик;9 191 151 238;ВК 9355025;Среднее специальное;Да;98 99 548895;Погашена;Нет;5,45 мм АК-74М №8329593 1993 г.в.;КАМАЗ;Нет;-;-;-;1 отделение 5 штурмовой взвод;контрактник;матрос;2;100915М;C:/Base/Photo/90.jpg
91;Стрелок;младший сержант;Петров;Максим;Алексеевич;АВ-770877;26.07.1991;Демон;43 года;30-45;187;93;57;48;45;Шрам на бедре;Осколочное мягких тканей;Служебное;Ростов-на-Дону;Ростовская обл.;ул. Ленина, д. 15, кв. 111;79923319400;Холост;Кузнецов А.Д.;79401477815;Полная;0;27.03.2023;29.03.2023;1 год;28.03.2024;Московская обл.;12 лет;24.05.2023;9 мес.;24.05.2023;0;0;Нет;1 235 167 184;ВК 9781989;Среднее специальное;В оформлении;46 63 275765;Нет;Орден Мужества;5,45 мм АКС-74 №4588766 1986 г.в.;Нет;Нет;-;-;-;1 отделение 5 штурмовой взвод;контрактник;матрос;2;100915М;C:/Base/Photo/91.jpg
92;Стрелок-сапёр;рядовой;Новиков;Дмитрий;Иванович;ЕК-836657;10.09.1992;Странник;48 лет;30-45;180;70;58;56;43;Родинка на щеке;Нет;Нет;Москва;Краснодарский край;ул. Ленина, д. 85, кв. 168;79613712250;Холост;Новиков А.А.;79457933392;Неполная;3;09.12.2022;16.12.2022;1 год;16.12.2023;Приморский край;7 лет;02.02.2023;8 мес.;02.02.2023;10;0;Нет;5 802 594 316;ВК 1847035;Среднее специальное;Да;22 22 755895;Нет;Нет;5,45 мм АК-74М №5220791 1993 г.в.;Нет;Нет;-;-;-;1 отделение 5 штурмовой взвод;контрактник;матрос;2;100915М/662;C:/Base/Photo/92.jpg
93;Командир отделения;;Вакант;;;;;;;;;;;;;;;;;;;;;;;;;;;;;;;;;;;;;;;;;;;;;;;;;;2 отделение 5 штурмовой взвод;сержант;сержант;2;100182М;C:/Base/Photo/93.jpg
94;Старший стрелок;ефрейтор;Кузнецов;Андрей;Андреевич;СУ-752489;02.12.1981;Ветер;57 лет;30-45;185;79;59;48;42;Нет;Осколочное мягких тканей;Да;Владивосток;Новосибирская обл.;ул. Ленина, д. 14, кв. 83;79274086862;Разведен;Михайлов М.Д.;79544385409;Неполная;0;19.03.2022;22.03.2022;1 год;22.03.2023;Московская обл.;10 лет;18.04.2022;10 мес.;18.04.2022;0;0;Нет;5 994 459 573;АМ 2983982;Среднее;В оформлении;12 80 753692;Нет;Орден Мужества;5,45 мм АК-74М №8099305 1992 г.в.;Урал-4320;Нет;-;-;-;2 отделение 5 штурмовой взвод;контрактник;старший матрос;2;100868М;C:/Base/Photo/94.jpg
95;Наводчик;рядовой;Михайлов;Евгений;Алексеевич;МТ-816443;14.01.1995;Сокол;46 лет;до 30;182;65;58;50;45;Нет;Осколочное мягких тканей;Служебное;Ростов-на-Дону;Приморский край;ул. Ленина, д. 91, кв. 155;79326240888;Разведен;Иванов М.Е.;79259881750;Неполная;1;10.04.2023;19.04.2023;1 год;18.04.2024;Свердловская обл.;6 лет;13.05.2023;8 мес.;13.05.2023;0;1;Водитель кат. С;8 878 465 752;ВК 7852939;Среднее;Да;96 89 529767;Нет;Орден Мужества;5,45 мм АК-74М №8546335 1994 г.в.;КАМАЗ;медицинская рота;-;-;-;2 отделение 5 штурмовой взвод;контрактник;матрос;7;101281М;C:/Base/Photo/95.jpg
96;Механик-водитель - Номер расчёта;рядовой;Попов;Дмитрий;Дмитриевич;СУ-564330;09.10.1987;Сварной;49 лет;30-45;181;78;57;54;45;Нет;Нет;Нет;Москва;Краснодарский край;ул. Ленина, д. 91, кв. 85;79713081503;Женат;Попов С.А.;79339556357;Неполная;0;24.04.2023;02.05.2023;1 год;01.05.2024;Краснодарский край;14 лет;27.05.2023;3 мес.;27.05.2023;5;1;Нет;1 450 435 419;ВК 6398220;Среднее специальное;Да;69 85 504873;Нет;Нет;5,45 мм АК-74М №8557090 1994 г.в.;Нет;Нет;-;-;-;2 отделение 5 штурмовой взвод;контрактник;матрос;5;844259М;C:/Base/Photo/96.jpg
97;Гранатомётчик;матрос;Васильев;Александр;Александрович;АВ-430359;01.04.1980;Демон;38 лет;30-45;187;92;57;54;41;Нет;Нет;Да;Екатеринбург;Краснодарский край;ул. Ленина, д. 96, кв. 34;79829653176;Холост;Петров Е.И.;79493759105;Неполная;0;24.05.2023;03.06.2023;1 год;02.06.2024;Новосибирская обл.;2 лет;29.06.2023;5 мес.;29.06.2023;0;1;Водитель кат. С;9 398 756 953;АМ 8142439;Среднее специальное;Нет;80 17 490847;Погашена;Нет;5,45 мм АК-12 №211249015 2021 г.в.;Урал-4320;Нет;-;-;-;2 отделение 5 штурмовой взвод;контрактник;матрос;2;103061М;C:/Base/Photo/97.jpg
98;Водитель;рядовой;Петров;Сергей;Дмитриевич;МТ-194264;23.09.1980;Беркут;56 лет;30-45;182;76;58;52;43;Нет;Нет;Нет;Краснодар;Московская обл.;ул. Ленина, д. 14, кв. 139;79121976479;Холост;Новиков И.М.;79513532035;Неполная;3;11.05.2023;21.05.2023;1 год;20.05.2024;Новосибирская обл.;10 лет;02.07.2023;11 мес.;02.07.2023;10;0;Сварщик;1 868 842 672;ВК 1852961;Высшее;В оформлении;92 19 397846;Погашена;Орден Мужества;Выдай ствол;"УАЗ ""Патриот""";Нет;-;-;-;2 отделение 5 штурмовой взвод;контрактник;матрос;2;837037М;C:/Base/Photo/98.jpg
99;Механик-водитель - Стрелок;старший матрос;Волков;Сергей;Дмитриевич;ЕК-967842;11.02.1986;Сокол;46 лет;30-45;189;74;59;56;42;Нет;Нет;Да;Краснодар;Краснодарский край;ул. Ленина, д. 81, кв. 183;79248352905;Женат;Петров А.И.;79495196066;Полная;2;22.09.2022;01.10.2022;1 год;01.10.2023;Московская обл.;5 лет;18.10.2022;5 мес.;18.10.2022;10;0;Нет;2 071 708 434;АМ 5817716;Среднее специальное;Да;42 86 385227;Погашена;Орден Мужества;5,45 мм АК-12 №201226246 2020 г.в.;Нет;Нет;-;-;-;2 отделение 5 штурмовой взвод;контрактник;матрос;2;844259М;C:/Base/Photo/99.jpg
100;Стрелок-сапёр;;Вакант;;;;;;;;;;;;;;;;;;;;;;;;;;;;;;;;;;;;;;;;;;;;;;;;;;2 отделение 5 штурмовой взвод;контрактник;матрос;2;100915М/662;C:/Base/Photo/100.jpg
101;Стрелок-помощник гранатомётчика;;Петров;Алексей;Сергеевич;СУ-890696;07.02.1993;Сокол;;30-45;183;71;59;50;41;Родинка на щеке;Нет;Нет;Екатеринбург;Ростовская обл.;ул. Ленина, д. 30, кв. 174;79664739055;Разведен;Соколов Д.И.;79553062265;Неполная;1;29.12.2022;02.01.2023;1 год;02.01.2024;Московская обл.;14 лет;10.02.2023;4 мес.;10.02.2023;3;0;Фельдшер;7 794 941 795;АМ 1900107;Среднее специальное;Нет;36 28 137342;Нет;Нет;;Урал-4320;Нет;-;-;-;2 отделение 5 штурмовой взвод;контрактник;матрос;2;100915М/630;C:/Base/Photo/101.jpg
102;Командир взвода;лейтенант;Соколов;Сергей;Андреевич;СУ-850834;07.01.2000;Кот;31 год;до 30;179;80;60;54;45;Родинка на щеке;Контузия легкой степени;Да;Екатеринбург;Московская обл.;ул. Ленина, д. 97, кв. 197;79165566636;Разведен;Морозов А.А.;79624162611;Неполная;0;07.03.2022;08.03.2022;1 год;08.03.2023;Ростовская обл.;4 лет;28.03.2022;8 мес.;28.03.2022;0;0;Водитель кат. С;1 779 493 772;АМ 7607831;Среднее специальное;Да;91 81 313393;Нет;Нет;"5,45 мм АК-74М №8545563 1994 г.в. 
9 мм ПЯ №18К1215 2018 г.в.";КАМАЗ;налицо;-;-;-;взвод огневой поддержки;офицер;старший лейтенант;2;0210003;C:/Base/Photo/102.jpg
103;Командир отделения;сержант;Морозов;Михаил;Александрович;МТ-204786;17.09.1983;Гора;32 года;30-45;184;89;58;52;41;Нет;Нет;Да;Москва;Приморский край;ул. Ленина, д. 100, кв. 6;79935750191;Разведен;Кузнецов А.А.;79997173999;Полная;2;26.03.2022;28.03.2022;1 год;28.03.2023;Свердловская обл.;12 лет;13.04.2022;4 мес.;13.04.2022;3;1;Нет;6 600 945 667;АМ 1530003;Среднее специальное;Нет;25 93 229173;Нет;Орден Мужества;"5,45 мм АК-74Н №6839362 1990 г.в. 
30 мм АГС-17 №ГХ405 2024 г.в.";КАМАЗ;Нет;-;-;-;взвод огневой поддержки гранатометное отделение;сержант;сержант;2;102182М;C:/Base/Photo/103.jpg
104;Наводчик;старший матрос;Михайлов;Александр;Дмитриевич;АВ-393581;05.08.1991;Тихий;21 год;30-45;180;89;58;48;44;Тату на плече;Контузия легкой степени;Служебное;Владивосток;Ростовская обл.;ул. Ленина, д. 57, кв. 159;79776414724;Женат;Попов А.А.;79757929248;Неполная;1;29.07.2023;03.08.2023;1 год;02.08.2024;Новосибирская обл.;12 лет;04.09.2023;3 мес.;04.09.2023;10;0;Фельдшер;3 780 878 471;АМ 3038948;Среднее специальное;Нет;90 92 553057;Погашена;Орден Мужества;"5,45 мм АКС-74 №4571414 1986 г.в. 
30 мм АГС-17 №ГХ390 2024 г.в.";"УАЗ ""Патриот""";медицинская рота;-;-;-;взвод огневой поддержки гранатометное отделение;контрактник;матрос;2;102281М;C:/Base/Photo/104.jpg
105;Наводчик;матрос;Кузнецов;Александр;Дмитриевич;СУ-408597;07.02.2001;Сокол;24 года;до 30;185;80;56;52;45;Нет;Осколочное мягких тканей;Да;Екатеринбург;Приморский край;ул. Ленина, д. 17, кв. 162;79187147366;Женат;Федоров М.Е.;79655318888;Неполная;2;05.03.2022;11.03.2022;1 год;11.03.2023;Свердловская обл.;13 лет;07.05.2022;11 мес.;07.05.2022;5;0;Фельдшер;2 942 139 785;АМ 4952288;Среднее;Нет;72 62 458046;Нет;"Медаль ""За отвагу""";Выдай ствол;Урал-4320;Нет;-;-;-;взвод огневой поддержки гранатометное отделение;контрактник;матрос;2;102281М;C:/Base/Photo/105.jpg
106;Номер расчёта;рядовой;Волков;Андрей;Сергеевич;АВ-499117;16.07.1996;Сокол;36 лет;до 30;189;80;56;50;42;Нет;Нет;Да;Новосибирск;Свердловская обл.;ул. Ленина, д. 32, кв. 110;79835501292;Женат;Волков М.А.;79400187303;Полная;2;22.06.2022;27.06.2022;1 год;27.06.2023;Приморский край;2 лет;11.08.2022;2 мес.;11.08.2022;0;0;Нет;8 437 530 135;АМ 6772227;Среднее;В оформлении;79 51 315879;Нет;Нет;5,45 мм АК-74М №8351536 1993 г.в.;Нет;Нет;-;-;-;взвод огневой поддержки гранатометное отделение;контрактник;матрос;7;102533М;C:/Base/Photo/106.jpg
107;Водитель;рядовой;Волков;Артем;Максимович;МТ-496457;26.04.1983;Кабан;28 лет;30-45;182;76;60;56;41;Нет;Нет;Служебное;Краснодар;Приморский край;ул. Ленина, д. 37, кв. 61;79470211308;Женат;Соколов С.А.;79595445253;Неполная;1;15.10.2023;23.10.2023;1 год;22.10.2024;Московская обл.;15 лет;21.11.2023;12 мес.;21.11.2023;0;1;Водитель кат. С;6 570 732 518;ВК 7252797;Среднее;В оформлении;93 52 967179;Нет;Орден Мужества;5,45 мм АКС-74 №6816611 1986 г.в.;"УАЗ ""Патриот""";тимофеевка;-;-;-;взвод огневой поддержки гранатометное отделение;контрактник;матрос;5;837037М;C:/Base/Photo/107.jpg
108;Механик-водитель - Номер расчёта;рядовой;Морозов;Евгений;Андреевич;МТ-175539;09.07.1994;Шаман;41 год;до 30;171;68;58;50;41;Нет;Нет;Да;Краснодар;Приморский край;ул. Ленина, д. 49, кв. 96;79153116878;Разведен;Попов С.Д.;79903493074;Неполная;2;17.02.2023;22.02.2023;1 год;22.02.2024;Ростовская обл.;4 лет;16.04.2023;9 мес.;16.04.2023;5;1;Фельдшер;2 257 465 748;АМ 1686209;Среднее;В оформлении;24 73 591351;Нет;Нет;5,45 мм АК-74М №8547602 1994 г.в.;Урал-4320;Нет;-;-;-;взвод огневой поддержки гранатометное отделение;контрактник;матрос;2;844259М;C:/Base/Photo/108.jpg
109;Командир отделения;;Вакант;;;;;;;;;;;;;;;;;;;;;;;;;;;;;;;;;;;;;;;;;;;;;;;;;;взвод огневой поддержки отделение противотанковых управляемых ракет;сержант;сержант;2;139182М;C:/Base/Photo/109.jpg
110;Старший оператор;старший матрос;Сидоров;Иван;Иванович;ЕК-131905;08.07.1993;Леший;43 года;30-45;179;70;56;56;41;Родинка на щеке;Осколочное мягких тканей;Нет;Екатеринбург;Новосибирская обл.;ул. Ленина, д. 59, кв. 135;79143925144;Холост;Кузнецов А.И.;79977084815;Неполная;3;01.06.2022;09.06.2022;1 год;09.06.2023;Свердловская обл.;15 лет;22.07.2022;6 мес.;22.07.2022;0;1;Сварщик;7 251 854 077;АМ 8018401;Среднее;В оформлении;21 83 859382;Нет;Орден Мужества;"5,45 мм АК-12 №211284168 2021 г.в. 
1П86-1 №А2842 
6х9-1 №202767";Урал-4320;Нет;-;-;-;взвод огневой поддержки отделение противотанковых управляемых ракет;контрактник;старший матрос;2;139810М;C:/Base/Photo/110.jpg
111;Механик-водитель - Оператор;сержант;Новиков;Артем;Евгеньевич;СУ-267980;17.05.1994;Гора;44 года;до 30;176;89;59;52;42;Нет;Контузия легкой степени;Служебное;Ростов-на-Дону;Свердловская обл.;ул. Ленина, д. 70, кв. 147;79584708106;Холост;Васильев М.М.;79993518411;Полная;3;10.08.2023;16.08.2023;1 год;15.08.2024;Краснодарский край;9 лет;31.08.2023;11 мес.;31.08.2023;0;1;Нет;8 567 963 562;ВК 2373799;Высшее;В оформлении;46 80 867668;Нет;Нет;5,45 мм АК-74М №8178336 1992 г.в.;"УАЗ ""Патриот""";Нет;-;-;-;взвод огневой поддержки отделение противотанковых управляемых ракет;контрактник;матрос;2;844259М;C:/Base/Photo/111.jpg
112;Старший оператор;сержант;Соколов;Артем;Александрович;ЕК-484748;06.12.1993;Шаман;49 лет;30-45;173;89;60;48;42;Нет;Нет;Да;Москва;Свердловская обл.;ул. Ленина, д. 5, кв. 131;79931555951;Разведен;Кузнецов А.С.;79519496261;Неполная;0;29.07.2023;06.08.2023;1 год;05.08.2024;Краснодарский край;6 лет;09.09.2023;8 мес.;09.09.2023;10;0;Водитель кат. С;8 613 254 956;АМ 5077492;Высшее;В оформлении;35 42 788057;Нет;Нет;5,45 мм АК-74М №8339422 1993 г.в.;Нет;Нет;-;-;-;взвод огневой поддержки отделение противотанковых управляемых ракет;контрактник;старший матрос;2;139810М;C:/Base/Photo/112.jpg
113;Механик-водитель - Оператор;рядовой;Иванов;Сергей;Евгеньевич;ЕК-982285;27.10.2002;Кот;43 года;до 30;179;78;58;52;42;Нет;Контузия легкой степени;Нет;Владивосток;Краснодарский край;ул. Ленина, д. 79, кв. 10;79766157065;Холост;Петров А.И.;79933881717;Неполная;2;30.08.2022;06.09.2022;1 год;06.09.2023;Свердловская обл.;14 лет;03.11.2022;4 мес.;03.11.2022;0;1;Водитель кат. С;7 180 325 748;АМ 4115532;Высшее;В оформлении;90 26 364821;Нет;"Медаль ""За отвагу""";5,45 мм АК-74М №7504771 1991 г.в.;КАМАЗ;Нет;-;-;-;взвод огневой поддержки отделение противотанковых управляемых ракет;контрактник;матрос;2;844259М;C:/Base/Photo/113.jpg
114;Старший оператор;рядовой;Морозов;Александр;Александрович;МТ-735072;03.04.1989;Туман;36 лет;30-45;183;84;58;48;45;Шрам на бедре;Осколочное мягких тканей;Нет;Краснодар;Свердловская обл.;ул. Ленина, д. 31, кв. 112;79757190588;Женат;Волков И.А.;79485672271;Неполная;0;04.11.2022;11.11.2022;1 год;11.11.2023;Московская обл.;4 лет;16.12.2022;9 мес.;16.12.2022;0;1;Сварщик;2 978 118 998;ВК 5022987;Среднее специальное;Да;12 65 517061;Погашена;Нет;5,45 мм АК-74М №8353805 1993 г.в.;Нет;госпиталь;-;-;-;взвод огневой поддержки отделение противотанковых управляемых ракет;контрактник;старший матрос;2;139810М;C:/Base/Photo/114.jpg
115;Механик-водитель;старший сержант;Попов;Алексей;Евгеньевич;МТ-207609;12.08.1985;Леший;42 года;30-45;184;89;60;54;41;Нет;Нет;Да;Владивосток;Свердловская обл.;ул. Ленина, д. 35, кв. 160;79145924655;Разведен;Морозов Д.А.;79837788616;Неполная;3;28.12.2023;31.12.2023;1 год;30.12.2024;Новосибирская обл.;11 лет;27.01.2024;8 мес.;27.01.2024;0;0;Водитель кат. С;2 789 580 077;ВК 7658619;Высшее;В оформлении;24 22 897142;Нет;"Медаль ""За отвагу""";5,45 мм АК-74М №8350736 1993 г.в.;"УАЗ ""Патриот""";госпиталь;-;-;-;взвод огневой поддержки отделение противотанковых управляемых ракет;контрактник;матрос;2;844259М;C:/Base/Photo/115.jpg
116;Командир отделения;;Вакант;;;;;;;;;;;;;;;;;;;;;;;;;;;;;;;;;;;;;;;;;;;;;;;;;;взвод огневой поддержки пулеметное отделение;сержант;сержант;2;101182М;C:/Base/Photo/116.jpg
117;Наводчик;рядовой;Иванов;Евгений;Андреевич;СУ-449546;22.07.1991;Странник;43 года;30-45;182;88;56;50;44;Родинка на щеке;Нет;Нет;Владивосток;Приморский край;ул. Ленина, д. 49, кв. 191;79806033030;Женат;Михайлов С.А.;79886685017;Неполная;0;28.01.2022;04.02.2022;1 год;04.02.2023;Новосибирская обл.;0 лет;28.03.2022;11 мес.;28.03.2022;10;1;Сварщик;8 186 413 535;ВК 8878713;Среднее;Нет;93 47 909138;Нет;Нет;"5,45 мм АК-74М №8348631 1993 г.в. 
1ПН140-2 №Ж0611";Нет;Нет;-;-;-;взвод огневой поддержки пулеметное отделение;контрактник;матрос;7;101281М;C:/Base/Photo/117.jpg
118;Наводчик;;Вакант;;;;;;;;;;;;;;;;;;;;;;;;;;;;;;;;;;;;;;;;;;;;;;;;;;взвод огневой поддержки пулеметное отделение;контрактник;матрос;5;101281М;C:/Base/Photo/118.jpg
119;Номер расчёта;ефрейтор;Новиков;Евгений;Евгеньевич;МТ-719522;25.07.1987;Кот;33 года;30-45;182;92;56;56;43;Нет;Осколочное мягких тканей;Нет;Новосибирск;Московская обл.;ул. Ленина, д. 2, кв. 143;79800404865;Разведен;Федоров А.М.;79311967522;Неполная;3;24.10.2023;31.10.2023;1 год;30.10.2024;Ростовская обл.;0 лет;28.11.2023;10 мес.;28.11.2023;5;0;Нет;7 210 266 894;ВК 8850293;Среднее специальное;Нет;46 45 423986;Нет;Нет;5,45 мм АК-74М №8276022 1993 г.в.;КАМАЗ;налицо;-;-;-;взвод огневой поддержки пулеметное отделение;контрактник;матрос;2;101533М;C:/Base/Photo/119.jpg
120;Водитель;рядовой;Федоров;Александр;Дмитриевич;ЕК-160122;17.07.1987;Беркут;53 года;30-45;182;89;56;56;41;Шрам на бедре;Осколочное мягких тканей;Да;Краснодар;Московская обл.;ул. Ленина, д. 51, кв. 64;79680255328;Женат;Кузнецов Е.А.;79207157855;Неполная;1;14.07.2023;22.07.2023;1 год;21.07.2024;Ростовская обл.;12 лет;16.09.2023;7 мес.;16.09.2023;0;0;Водитель кат. С;3 333 159 376;АМ 6340497;Среднее специальное;В оформлении;46 72 791276;Нет;Нет;Выдай ствол;"УАЗ ""Патриот""";Нет;-;-;-;взвод огневой поддержки пулеметное отделение;контрактник;матрос;2;837037М;C:/Base/Photo/120.jpg
121;Механик-водитель - Номер расчёта;;Петров;Андрей;Александрович;МТ-479083;27.06.1997;Леший;;до 30;187;92;59;50;44;Тату на плече;Контузия легкой степени;Служебное;Москва;Свердловская обл.;ул. Ленина, д. 49, кв. 41;79404834480;Холост;Кузнецов А.А.;79494453305;Полная;0;02.04.2022;12.04.2022;1 год;12.04.2023;Новосибирская обл.;15 лет;24.05.2022;8 мес.;24.05.2022;0;0;Водитель кат. С;9 689 966 235;АМ 2519367;Среднее специальное;Да;24 34 279947;Нет;Орден Мужества;;КАМАЗ;Нет;-;-;-;взвод огневой поддержки пулеметное отделение;контрактник;матрос;2;844259М;C:/Base/Photo/121.jpg
122;Командир отделения - командир миномета;младший сержант;Кузнецов;Артем;Евгеньевич;МТ-914416;06.04.1980;Сварной;24 года;30-45;173;71;60;56;43;Шрам на бедре;Нет;Служебное;Москва;Краснодарский край;ул. Ленина, д. 30, кв. 77;79132280832;Женат;Морозов Е.И.;79176594995;Полная;0;23.04.2023;25.04.2023;1 год;24.04.2024;Новосибирская обл.;10 лет;31.05.2023;12 мес.;31.05.2023;0;0;Сварщик;3 075 941 578;АМ 7556430;Высшее;Да;17 79 158583;Нет;Нет;"5,45 мм АК-74М №8253177 1993 г.в. 
12 мм HUGLU ATROX №21Х2849 
82 мм 2Б14 №0880139 1991 г.в.";КАМАЗ;Нет;-;-;-;взвод огневой поддержки минометное отделение;сержант;сержант;2;143182М/178;C:/Base/Photo/122.jpg
123;Старший наводчик;рядовой;Морозов;Иван;Андреевич;АВ-207646;14.03.1984;Странник;40 лет;30-45;183;74;60;54;43;Тату на плече;Контузия легкой степени;Нет;Владивосток;Новосибирская обл.;ул. Ленина, д. 47, кв. 51;79518844015;Разведен;Соколов М.М.;79547851424;Полная;2;08.06.2023;12.06.2023;1 год;11.06.2024;Приморский край;10 лет;02.08.2023;4 мес.;02.08.2023;3;0;Фельдшер;4 104 684 726;ВК 7476619;Среднее;Нет;92 82 881235;Нет;Нет;5,45 мм АК-12 №201235342 2020 г.в.;КАМАЗ;Нет;-;-;-;взвод огневой поддержки минометное отделение;контрактник;старший матрос;2;143803М;C:/Base/Photo/123.jpg
124;Номер расчёта;рядовой;Сидоров;Иван;Дмитриевич;ЕК-189164;23.04.1992;Шаман;38 лет;30-45;177;79;59;56;41;Нет;Нет;Служебное;Москва;Приморский край;ул. Ленина, д. 71, кв. 10;79424800451;Холост;Сидоров М.М.;79751771699;Полная;1;07.12.2023;08.12.2023;1 год;07.12.2024;Новосибирская обл.;9 лет;18.01.2024;6 мес.;18.01.2024;0;1;Водитель кат. С;8 682 690 266;АМ 8817945;Среднее;В оформлении;65 53 362817;Нет;Нет;5,45 мм АК-74М №8275887 1993 г.в.;Нет;Нет;-;-;-;взвод огневой поддержки минометное отделение;контрактник;матрос;2;101533М;C:/Base/Photo/124.jpg
125;Водитель;сержант;Попов;Андрей;Алексеевич;ЕК-861181;25.07.2001;Шаман;31 год;до 30;184;90;59;54;45;Шрам на бедре;Нет;Да;Владивосток;Приморский край;ул. Ленина, д. 9, кв. 152;79999027588;Разведен;Иванов М.А.;79214722666;Полная;1;12.09.2022;19.09.2022;1 год;19.09.2023;Московская обл.;15 лет;15.11.2022;7 мес.;15.11.2022;5;1;Нет;5 826 925 557;ВК 3161789;Высшее;В оформлении;92 94 223453;Погашена;Орден Мужества;5,45 мм АК-12 №211288656 2021 г.в.;Нет;Нет;-;-;-;взвод огневой поддержки минометное отделение;контрактник;матрос;2;837037М;C:/Base/Photo/125.jpg
126;Командир миномета;ефрейтор;Петров;Максим;Евгеньевич;АВ-453429;15.09.1993;Кабан;34 года;30-45;188;83;60;50;41;Нет;Нет;Служебное;Новосибирск;Ростовская обл.;ул. Ленина, д. 69, кв. 12;79563835027;Женат;Михайлов А.Д.;79122261320;Полная;3;22.10.2022;27.10.2022;1 год;27.10.2023;Краснодарский край;3 лет;20.11.2022;11 мес.;20.11.2022;10;0;Нет;6 360 549 785;ВК 3435423;Высшее;Да;47 29 591039;Погашена;Нет;82 мм 2Б14 №0870100 1988 г.в.;"УАЗ ""Патриот""";Нет;-;-;-;взвод огневой поддержки минометное отделение;сержант;сержант;2;143178М;C:/Base/Photo/126.jpg
127;Старший наводчик;;Вакант;;;;;;;;;;;;;;;;;;;;;;;;;;;;;;;;;;;;;;;;;;;;;;;;;;взвод огневой поддержки минометное отделение;контрактник;старший матрос;2;143803М;C:/Base/Photo/127.jpg
128;Номер расчёта;рядовой;Кузнецов;Михаил;Дмитриевич;МТ-909700;09.11.1985;Кот;23 года;30-45;188;68;56;54;45;Нет;Нет;Служебное;Владивосток;Краснодарский край;ул. Ленина, д. 91, кв. 14;79213088814;Холост;Соколов С.Д.;79155148226;Полная;0;01.06.2022;06.06.2022;1 год;06.06.2023;Ростовская обл.;9 лет;27.06.2022;2 мес.;27.06.2022;0;1;Водитель кат. С;4 129 298 967;АМ 2478701;Среднее специальное;Да;19 91 502196;Погашена;"Медаль ""За отвагу""";Выдай ствол;Урал-4320;тимофеевка;-;-;-;взвод огневой поддержки минометное отделение;контрактник;матрос;7;101533М;C:/Base/Photo/128.jpg
129;Водитель;сержант;Петров;Дмитрий;Сергеевич;МТ-771635;05.01.1986;Туман;40 лет;30-45;186;88;58;48;44;Нет;Нет;Да;Новосибирск;Свердловская обл.;ул. Ленина, д. 37, кв. 25;79612799431;Холост;Волков А.Д.;79380870704;Неполная;2;12.10.2023;18.10.2023;1 год;17.10.2024;Новосибирская обл.;4 лет;30.11.2023;2 мес.;30.11.2023;3;1;Водитель кат. С;7 019 842 377;ВК 4847651;Среднее;Да;13 98 958871;Нет;Нет;5,45 мм АКС-74У №950729 1985 г.в.;Нет;Нет;-;-;-;взвод огневой поддержки минометное отделение;контрактник;матрос;5;837037М;C:/Base/Photo/129.jpg
130;Командир отделения;;Вакант;;;;;;;;;;;;;;;;;;;;;;;;;;;;;;;;;;;;;;;;;;;;;;;;;;разведывательное отделение;сержант;сержант;2;106182М;C:/Base/Photo/130.jpg
131;Старший разведчик;старший матрос;Новиков;Андрей;Дмитриевич;СУ-625909;19.02.1999;Ветер;27 лет;до 30;179;69;59;56;42;Родинка на щеке;Нет;Нет;Москва;Новосибирская обл.;ул. Ленина, д. 58, кв. 82;79406562545;Разведен;Новиков А.А.;79854716770;Неполная;1;11.06.2022;17.06.2022;1 год;17.06.2023;Краснодарский край;0 лет;17.07.2022;9 мес.;17.07.2022;0;1;Водитель кат. С;3 632 535 752;ВК 6785096;Среднее специальное;В оформлении;13 81 286594;Погашена;"Медаль ""За отвагу""";Выдай ствол;Нет;Нет;-;-;-;разведывательное отделение;контрактник;старший матрос;2;106847М;C:/Base/Photo/131.jpg
132;Разведчик-пулемётчик;;Вакант;;;;;;;;;;;;;;;;;;;;;;;;;;;;;;;;;;;;;;;;;;;;;;;;;;разведывательное отделение;контрактник;матрос;2;106646М/627;C:/Base/Photo/132.jpg
133;Разведчик-снайпер;рядовой;Волков;Михаил;Максимович;ЕК-461516;04.02.1986;Кабан;27 лет;30-45;184;91;58;54;41;Родинка на щеке;Нет;Да;Краснодар;Приморский край;ул. Ленина, д. 56, кв. 33;79559951577;Женат;Волков Е.М.;79371784356;Неполная;1;15.02.2023;20.02.2023;1 год;20.02.2024;Свердловская обл.;13 лет;12.03.2023;5 мес.;12.03.2023;0;1;Сварщик;6 107 733 781;АМ 8519201;Высшее;В оформлении;83 47 287640;Погашена;Орден Мужества;5,45 мм АК-12 №191274531 2019 г.в.;КАМАЗ;Нет;-;-;-;разведывательное отделение;контрактник;матрос;2;106646М/672;C:/Base/Photo/133.jpg
134;Разведчик-сапёр;рядовой;Попов;Сергей;Сергеевич;ЕК-401943;03.07.1998;Кабан;61 год;до 30;189;78;59;54;45;Родинка на щеке;Нет;Нет;Новосибирск;Московская обл.;ул. Ленина, д. 68, кв. 9;79245484269;Женат;Новиков М.Д.;79560093895;Неполная;3;25.06.2022;02.07.2022;1 год;02.07.2023;Ростовская обл.;9 лет;20.07.2022;4 мес.;20.07.2022;0;0;Фельдшер;4 690 664 793;АМ 8555971;Среднее специальное;Да;85 17 798127;Погашена;Орден Мужества;5,45 мм АКС-74 №4560570 1986 г.в.;"УАЗ ""Патриот""";Нет;-;-;-;разведывательное отделение;контрактник;матрос;2;106646М/662;C:/Base/Photo/134.jpg
135;Водитель;главный корабельный старшина;Михайлов;Михаил;Дмитриевич;АВ-464714;25.05.1980;Леший;43 года;30-45;174;76;57;56;42;Нет;Нет;Да;Екатеринбург;Краснодарский край;ул. Ленина, д. 75, кв. 120;79801827598;Женат;Волков А.М.;79362515498;Полная;1;08.06.2023;12.06.2023;1 год;11.06.2024;Краснодарский край;11 лет;09.08.2023;12 мес.;09.08.2023;0;1;Нет;3 811 806 649;АМ 6274984;Среднее;Да;25 32 348173;Нет;Нет;"5,45 мм АК-12 №191275666 2019 г.в. 
6х9-1 №77659";"УАЗ ""Патриот""";Нет;-;-;-;разведывательное отделение;контрактник;матрос;2;837037М;C:/Base/Photo/135.jpg
136;Командир отделения;ефрейтор;Волков;Сергей;Дмитриевич;АВ-439115;14.02.1993;Кот;37 лет;30-45;175;80;57;54;41;Тату на плече;Контузия легкой степени;Да;Владивосток;Приморский край;ул. Ленина, д. 60, кв. 56;79167304756;Холост;Морозов А.А.;79247592258;Полная;3;26.05.2023;29.05.2023;1 год;28.05.2024;Приморский край;10 лет;16.07.2023;5 мес.;16.07.2023;0;0;Нет;9 385 373 734;ВК 8148430;Высшее;В оформлении;72 26 886527;Погашена;"Медаль ""За отвагу""";5,45 мм АК-74М №8543989 1994 г.в.;Урал-4320;Нет;-;-;-;огнеметное отделение;сержант;сержант;2;193182М;C:/Base/Photo/136.jpg
137;Старший огнемётчик;ефрейтор;Петров;Михаил;Иванович;СУ-164706;16.06.1984;Док;41 год;30-45;171;65;58;52;41;Тату на плече;Контузия легкой степени;Да;Новосибирск;Краснодарский край;ул. Ленина, д. 62, кв. 165;79286705759;Женат;Новиков М.А.;79448893504;Неполная;1;20.11.2023;23.11.2023;1 год;22.11.2024;Приморский край;7 лет;31.12.2023;8 мес.;31.12.2023;0;1;Сварщик;3 343 561 738;АМ 8997460;Среднее специальное;Нет;98 87 269457;Нет;"Медаль ""За отвагу""";5,45 мм АК-12 №211288338 2021 г.в.;Нет;новоторецкое;-;-;-;огнеметное отделение;контрактник;старший матрос;2;193808М;C:/Base/Photo/137.jpg
138;Огнемётчик;рядовой;Кузнецов;Андрей;Александрович;АВ-339456;23.02.1981;Ветер;51 год;30-45;187;73;58;56;45;Нет;Нет;Служебное;Москва;Ростовская обл.;ул. Ленина, д. 44, кв. 63;79197642901;Холост;Сидоров Д.А.;79986311489;Полная;2;02.10.2022;08.10.2022;1 год;08.10.2023;Ростовская обл.;1 лет;22.11.2022;8 мес.;22.11.2022;3;0;Нет;9 566 980 461;ВК 1530101;Среднее;В оформлении;58 81 583319;Нет;"Медаль ""За отвагу""";5,45 мм АКС-74У №951062 1985 г.в.;"УАЗ ""Патриот""";новоторецкое;-;-;-;огнеметное отделение;контрактник;матрос;2;193540М;C:/Base/Photo/138.jpg
139;Механик-водитель - Огнемётчик;;Васильев;Алексей;Сергеевич;ЕК-631047;29.02.1992;Леший;;30-45;184;79;56;50;44;Шрам на бедре;Осколочное мягких тканей;Да;Москва;Приморский край;ул. Ленина, д. 1, кв. 192;79725638904;Женат;Соколов А.А.;79614352366;Неполная;0;11.06.2022;12.06.2022;1 год;12.06.2023;Новосибирская обл.;3 лет;08.08.2022;3 мес.;08.08.2022;0;1;Фельдшер;8 976 850 727;АМ 9403533;Высшее;В оформлении;44 36 184848;Нет;Нет;;Урал-4320;новоторецкое;-;-;-;огнеметное отделение;контрактник;матрос;7;844259М;C:/Base/Photo/139.jpg
140;Механик-водитель - Огнемётчик;рядовой;Вакант;Максим;Сергеевич;АВ-881377;13.11.1988;Демон;40 лет;30-45;179;79;58;56;43;Шрам на бедре;Нет;Служебное;Ростов-на-Дону;Краснодарский край;ул. Ленина, д. 3, кв. 117;79917457703;Холост;Петров А.М.;79115187207;Полная;2;31.08.2023;02.09.2023;1 год;01.09.2024;Московская обл.;4 лет;09.10.2023;1 мес.;09.10.2023;0;0;Фельдшер;8 135 468 909;ВК 3174648;Среднее специальное;Нет;13 95 178716;Нет;Нет;5,45 мм АК-74М №7726834 1991 г.в.;Урал-4320;Нет;-;-;-;огнеметное отделение;контрактник;матрос;5;844259М;C:/Base/Photo/140.jpg
141;Командир взвода;лейтенант;Петров;Андрей;Андреевич;МТ-908925;10.01.1994;Странник;31 год;до 30;178;87;57;56;45;Родинка на щеке;Осколочное мягких тканей;Да;Новосибирск;Ростовская обл.;ул. Ленина, д. 56, кв. 121;79783157200;Разведен;Кузнецов И.Е.;79992391111;Неполная;2;08.11.2023;09.11.2023;1 год;08.11.2024;Новосибирская обл.;7 лет;08.12.2023;8 мес.;08.12.2023;0;1;Водитель кат. С;7 222 238 347;ВК 2298948;Среднее;Да;48 41 451123;Нет;Нет;"5,45 мм АК-74М(Р) №2076435 1982 г.в. 
9 мм ПЯ №18К0340 2018 г.в. 
1П87 №2302206";Урал-4320;Нет;-;-;-;взвод беспилотных систем;офицер;старший лейтенант;2;0634003;C:/Base/Photo/141.jpg
142;Командир отделения - старший оператор;сержант;Попов;Александр;Андреевич;АВ-766420;15.01.2001;Док;37 лет;до 30;188;82;57;48;45;Нет;Нет;Служебное;Екатеринбург;Свердловская обл.;ул. Ленина, д. 68, кв. 63;79469221135;Женат;Волков С.М.;79142949366;Полная;1;20.03.2023;30.03.2023;1 год;29.03.2024;Новосибирская обл.;6 лет;22.04.2023;9 мес.;22.04.2023;0;1;Нет;2 961 464 436;АМ 7079490;Среднее специальное;Да;81 24 354085;Погашена;"Медаль ""За отвагу""";5,45 мм АК-12 №191274946 2019 г.в.;КАМАЗ;Нет;-;-;-;расчет (беспилотных летательных аппаратов коптерного типа) взвод беспилотных систем;сержант;старший сержант;2;225422М;C:/Base/Photo/142.jpg
143;Оператор;матрос;Волков;Максим;Евгеньевич;МТ-854963;03.01.1992;Демон;32 года;30-45;175;81;56;56;41;Родинка на щеке;Осколочное мягких тканей;Нет;Владивосток;Приморский край;ул. Ленина, д. 37, кв. 172;79698846537;Разведен;Иванов М.И.;79773476233;Неполная;3;30.10.2023;03.11.2023;1 год;02.11.2024;Приморский край;5 лет;20.12.2023;7 мес.;20.12.2023;5;1;Фельдшер;3 941 721 415;ВК 3475674;Среднее;В оформлении;74 80 500013;Погашена;Нет;5,45 мм АК-12 №191263120 2019 г.в.;КАМАЗ;Нет;-;-;-;расчет (беспилотных летательных аппаратов коптерного типа) взвод беспилотных систем;контрактник;матрос;2;225543М;C:/Base/Photo/143.jpg
144;Оператор;старший матрос;Морозов;Евгений;Алексеевич;ЕК-482493;29.05.1991;Странник;25 лет;30-45;174;79;58;50;41;Тату на плече;Нет;Нет;Краснодар;Краснодарский край;ул. Ленина, д. 72, кв. 18;79225247812;Разведен;Кузнецов М.А.;79556587917;Неполная;1;24.07.2022;27.07.2022;1 год;27.07.2023;Новосибирская обл.;9 лет;26.08.2022;3 мес.;26.08.2022;0;0;Сварщик;8 151 471 575;ВК 4008789;Среднее;В оформлении;48 72 908149;Нет;Орден Мужества;5,45 мм АК-74М №8256893 1992 г.в.;Нет;налицо;-;-;-;расчет (беспилотных летательных аппаратов коптерного типа) взвод беспилотных систем;контрактник;матрос;2;225543М;C:/Base/Photo/144.jpg
145;Водитель;;Вакант;;;;;;;;;;;;;;;;;;;;;;;;;;;;;;;;;;;;;;;;;;;;;;;;;;расчет (беспилотных летательных аппаратов коптерного типа) взвод беспилотных систем;контрактник;матрос;2;837037М;C:/Base/Photo/145.jpg
146;Начальник расчёта;младший сержант;Волков;Артем;Сергеевич;ЕК-314579;21.07.2002;Странник;27 лет;до 30;189;82;60;52;44;Тату на плече;Осколочное мягких тканей;Служебное;Москва;Краснодарский край;ул. Ленина, д. 45, кв. 24;79140792130;Женат;Сидоров А.И.;79825920848;Неполная;0;14.09.2022;16.09.2022;1 год;16.09.2023;Свердловская обл.;1 лет;30.10.2022;9 мес.;30.10.2022;10;0;Сварщик;1 452 629 351;ВК 7075588;Среднее;Да;80 31 114726;Нет;Нет;"5,45 мм АК-12 №191273110 2019 г.в. 
1П87 №1501839";КАМАЗ;налицо;-;-;-;1 расчет (FPV-дронов) взвод беспилотных систем;сержант;старший сержант;2;225422М;C:/Base/Photo/146.jpg
147;Оператор;;Вакант;;;;;;;;;;;;;;;;;;;;;;;;;;;;;;;;;;;;;;;;;;;;;;;;;;1 расчет (FPV-дронов) взвод беспилотных систем;контрактник;матрос;2;225543М;C:/Base/Photo/147.jpg
148;Оператор-сапёр;младший сержант;Васильев;Дмитрий;Алексеевич;МТ-550408;05.08.1986;Сварной;28 лет;30-45;180;95;57;50;45;Шрам на бедре;Нет;Нет;Краснодар;Московская обл.;ул. Ленина, д. 90, кв. 14;79926753707;Разведен;Попов А.М.;79144074938;Неполная;0;30.07.2023;05.08.2023;1 год;04.08.2024;Приморский край;4 лет;07.09.2023;10 мес.;07.09.2023;10;0;Фельдшер;8 804 209 464;ВК 6338385;Среднее;В оформлении;33 32 974034;Нет;Орден Мужества;5,45 мм АК-74М №8266689 1992 г.в.;"УАЗ ""Патриот""";новоторецкое;-;-;-;1 расчет (FPV-дронов) взвод беспилотных систем;контрактник;матрос;2;166543М/225;C:/Base/Photo/148.jpg
149;Водитель;сержант;Кузнецов;Максим;Максимович;МТ-458095;04.07.1991;Странник;48 лет;30-45;172;83;57;52;42;Тату на плече;Нет;Служебное;Владивосток;Новосибирская обл.;ул. Ленина, д. 71, кв. 178;79746103734;Холост;Иванов А.А.;79776205402;Неполная;3;21.02.2022;25.02.2022;1 год;25.02.2023;Свердловская обл.;2 лет;15.04.2022;10 мес.;15.04.2022;10;0;Водитель кат. С;5 345 913 328;АМ 6115139;Высшее;Да;38 57 970765;Нет;Нет;5,45 мм АК-74М №8339943 1993 г.в.;"УАЗ ""Патриот""";новоторецкое;-;-;-;1 расчет (FPV-дронов) взвод беспилотных систем;контрактник;матрос;2;837037М;C:/Base/Photo/149.jpg
150;Начальник расчёта;сержант;Федоров;Андрей;Сергеевич;СУ-375395;23.09.1996;Леший;27 лет;до 30;183;94;60;48;45;Нет;Осколочное мягких тканей;Служебное;Краснодар;Приморский край;ул. Ленина, д. 79, кв. 40;79103453329;Разведен;Соколов Е.А.;79627749952;Неполная;1;31.01.2023;01.02.2023;1 год;01.02.2024;Московская обл.;7 лет;24.03.2023;7 мес.;24.03.2023;0;1;Фельдшер;1 686 465 343;АМ 9822190;Среднее;Да;48 73 834745;Нет;Нет;5,45 мм АК-74М №8308882 1993 г.в.;Урал-4320;Нет;-;-;-;2 расчет (FPV-дронов) взвод беспилотных систем;сержант;старший сержант;7;225422М;C:/Base/Photo/150.jpg
151;Оператор;рядовой;Федоров;Иван;Александрович;МТ-633228;16.09.2000;Док;24 года;до 30;173;75;58;56;41;Нет;Контузия легкой степени;Служебное;Москва;Новосибирская обл.;ул. Ленина, д. 73, кв. 8;79349096945;Разведен;Иванов С.А.;79118940714;Полная;1;25.06.2022;26.06.2022;1 год;26.06.2023;Приморский край;4 лет;16.08.2022;5 мес.;16.08.2022;10;1;Фельдшер;1 577 890 882;ВК 5978126;Среднее;В оформлении;91 15 957315;Нет;Нет;5,45 мм АК-74М №8337605 1993 г.в.;КАМАЗ;Нет;-;-;-;2 расчет (FPV-дронов) взвод беспилотных систем;контрактник;матрос;5;225543М;C:/Base/Photo/151.jpg
152;Оператор-сапёр;рядовой;Васильев;Сергей;Дмитриевич;ЕК-626688;23.12.2003;Странник;20 лет;до 30;185;70;60;50;41;Шрам на бедре;Осколочное мягких тканей;Нет;Владивосток;Новосибирская обл.;ул. Ленина, д. 90, кв. 69;79843867708;Женат;Федоров М.И.;79877706445;Неполная;0;21.11.2022;30.11.2022;1 год;30.11.2023;Приморский край;1 лет;24.12.2022;12 мес.;24.12.2022;10;1;Водитель кат. С;9 073 662 131;АМ 1843753;Среднее;Нет;82 25 208576;Погашена;Нет;5,45 мм АК-74М №8267373 1993 г.в.;Нет;медицинская рота;-;-;-;2 расчет (FPV-дронов) взвод беспилотных систем;контрактник;матрос;2;166543М/225;C:/Base/Photo/152.jpg
153;Командир отделения;сержант;Иванов;Максим;Евгеньевич;СУ-325818;18.01.2001;Кот;30 лет;до 30;183;93;57;52;42;Нет;Нет;Да;Москва;Новосибирская обл.;ул. Ленина, д. 13, кв. 103;79161724919;Разведен;Волков М.И.;79605731589;Полная;2;13.05.2023;16.05.2023;1 год;15.05.2024;Ростовская обл.;11 лет;12.07.2023;3 мес.;12.07.2023;10;1;Сварщик;2 461 820 239;ВК 5481039;Среднее;В оформлении;65 92 939647;Нет;"Медаль ""За отвагу""";5,45 мм АК-74М №8345970 1993 г.в.;Нет;налицо;-;-;-;отделение сбора и эвакуации раненных;сержант;сержант;2;878182М;C:/Base/Photo/153.jpg
154;Санитар;младший сержант;Петров;Александр;Дмитриевич;ЕК-466487;28.12.2001;Леший;38 лет;до 30;190;91;59;48;45;Родинка на щеке;Нет;Да;Москва;Новосибирская обл.;ул. Ленина, д. 62, кв. 13;79665485275;Разведен;Сидоров А.А.;79372087777;Полная;0;13.07.2022;14.07.2022;1 год;14.07.2023;Приморский край;5 лет;15.08.2022;8 мес.;15.08.2022;3;1;Фельдшер;7 616 256 175;ВК 5926268;Среднее специальное;Да;98 55 818077;Нет;Нет;5,45 мм АКС-74 №4566509 1986 г.в.;КАМАЗ;налицо;-;-;-;отделение сбора и эвакуации раненных;контрактник;матрос;2;878658М;C:/Base/Photo/154.jpg
155;Санитар;рядовой;Морозов;Сергей;Андреевич;АВ-880905;14.11.1999;Сварной;36 лет;до 30;170;76;56;52;45;Нет;Нет;Да;Владивосток;Ростовская обл.;ул. Ленина, д. 10, кв. 190;79761469642;Разведен;Михайлов Е.М.;79666979876;Неполная;1;20.10.2022;27.10.2022;1 год;27.10.2023;Краснодарский край;15 лет;10.11.2022;5 мес.;10.11.2022;0;0;Водитель кат. С;7 950 814 227;АМ 4727014;Среднее;Нет;30 96 332873;Нет;Нет;5,45 мм АК-12 №181246926 2018 г.в.;КАМАЗ;налицо;-;-;-;отделение сбора и эвакуации раненных;контрактник;матрос;2;878658М;C:/Base/Photo/155.jpg
156;Водитель-санитар;старший матрос;Кузнецов;Дмитрий;Иванович;ЕК-504521;29.07.1986;Беркут;31 год;30-45;182;87;60;56;43;Нет;Осколочное мягких тканей;Служебное;Краснодар;Московская обл.;ул. Ленина, д. 2, кв. 189;79999050157;Холост;Федоров М.А.;79724426490;Полная;1;11.07.2022;21.07.2022;1 год;21.07.2023;Новосибирская обл.;3 лет;28.08.2022;11 мес.;28.08.2022;10;0;Сварщик;6 549 277 319;ВК 9530851;Среднее специальное;Нет;40 76 912591;Нет;Нет;5,45 мм АК-74М №8328306 1993 г.в.;Урал-4320;налицо;-;-;-;отделение сбора и эвакуации раненных;контрактник;матрос;2;837037М/658;C:/Base/Photo/156.jpg
157;Механик-водитель;младший сержант;Михайлов;Михаил;Андреевич;ЕК-485235;14.09.2001;Кабан;29 лет;до 30;186;67;58;52;41;Тату на плече;Контузия легкой степени;Нет;Ростов-на-Дону;Свердловская обл.;ул. Ленина, д. 42, кв. 197;79440121233;Женат;Федоров А.А.;79242435350;Полная;2;07.12.2023;11.12.2023;1 год;10.12.2024;Краснодарский край;0 лет;27.01.2024;11 мес.;27.01.2024;3;1;Водитель кат. С;3 611 417 051;ВК 8574104;Среднее специальное;В оформлении;49 93 564523;новоторецкое;Нет;5,45 мм АК-74М №8348087 1993 г.в.;Нет;госпиталь;-;-;-;отделение сбора и эвакуации раненных;контрактник;старший матрос;2;844259М;C:/Base/Photo/157.jpg